Year,Position,GlycanShieldingScore,MatchScore_Historic_vs_IVR-186,MatchScore_Historic_vs_2a1b-131K,MatchScore_2a1b-131K_vs_IVR-186,BlendedMatchScore_2a1b-131K,MatchScore_Historic_vs_3a,MatchScore_3a_vs_IVR-186,BlendedMatchScore_3a
1998,133,0.946043165,0.937024973,0.937024973,1,2.874049946,0.937024973,1,2.874049946
1998,135,0.946043165,0.991883117,0.991883117,1,2.983766234,0.991883117,1,2.983766234
1998,145,0.046594982,-0.198701299,-0.198701299,1,0.602597402,-0.198701299,1,0.602597402
1998,155,0.946043165,-0.250231911,-0.250231911,1,0.499536178,-0.250231911,1,0.499536178
1998,156,0,0.129220779,0.129220779,1,1.258441558,0.129220779,1,1.258441558
1998,158,0,0.000542888,0.000542888,1,1.001085776,0.000542888,1,1.001085776
1998,159,0,0.994571118,0.994571118,1,2.989142236,-0.285326508,-0.4,0.30924461
1998,189,0.996415771,-0.197619048,-0.197619048,1,0.604761904,-0.197619048,1,0.604761904
1998,193,0,-0.600649351,-0.600649351,1,-0.201298702,0.989177489,-0.6,-0.211471862
1998,131,0.946043165,0.001092896,-0.199562842,-0.2,-0.398469946,0.001092896,1,1.002185792
1998,197,0,0.994588745,0.994588745,1,2.98917749,0.994588745,1,2.98917749
1998,128,1,0.995901639,0.995901639,1,2.991803278,-0.000409836,0,0.995491803
1998,137,0.046594982,0.033998145,0.033998145,1,1.06799629,0.033998145,1,1.06799629
1998,138,0.046594982,0.993506494,0.993506494,1,2.987012988,0.2,0.2,1.393506494
1998,144,0.046594982,-0.557467532,-0.557467532,1,-0.114935064,-0.595292208,-0.2,-1.35275974
1998,157,0,0.991530945,0.991530945,1,2.98306189,0.991530945,1,2.98306189
1998,160,0,0.966991342,-0.198376623,-0.2,0.568614719,0.966991342,1,2.933982684
1998,192,0,-0.146753247,-0.146753247,1,0.706493506,-0.146753247,1,0.706493506
1998,225,0,1,-0.333333333,-0.333333333,0.333333334,-0.333333333,-0.333333333,0.333333334
1998,190,0,0.991883117,0.991883117,1,2.983766234,0.991883117,1,2.983766234
1998,226,1,0.755737705,0.755737705,1,2.51147541,0.755737705,1,2.51147541
1998,227,0,-0.2,-0.2,1,0.6,-0.2,1,0.6
1995,133,0.026595745,0.198979592,0.198979592,1,1.397959184,0.198979592,1,1.397959184
1995,135,0.026595745,0.013095238,0.013095238,1,1.026190476,0.013095238,1,1.026190476
1995,145,0,-0.078571429,-0.078571429,1,0.842857142,-0.078571429,1,0.842857142
1995,155,0.026595745,-0.25,-0.25,1,0.5,-0.25,1,0.5
1995,156,0,-0.196258503,-0.196258503,1,0.607482994,-0.196258503,1,0.607482994
1995,158,0,-0.154761905,-0.154761905,1,0.69047619,-0.154761905,1,0.69047619
1995,159,0,0.986394558,0.986394558,1,2.972789116,-0.287293489,-0.4,0.299101069
1995,189,0.978723404,-0.2,-0.2,1,0.6,-0.2,1,0.6
1995,193,0,-0.603741497,-0.603741497,1,-0.207482994,0.93452381,-0.6,-0.269217687
1995,131,0.026595745,0.001020408,-0.2,-0.2,-0.398979592,0.001020408,1,1.002040816
1995,197,0,0.778911565,0.778911565,1,2.55782313,0.778911565,1,2.55782313
1995,128,1,0.993877551,0.993877551,1,2.987755102,-0.002040816,0,0.991836735
1995,137,0,-0.259015059,-0.259015059,1,0.481969882,-0.259015059,1,0.481969882
1995,138,0,0.928571429,0.928571429,1,2.857142858,0.26122449,0.2,1.389795919
1995,144,0,-0.496428571,-0.496428571,1,0.007142858,-0.747193878,-0.2,-1.443622449
1995,157,0,0.983673469,0.983673469,1,2.967346938,0.983673469,1,2.967346938
1995,160,0,1,-0.2,-0.2,0.6,1,1,3
1995,192,0,-0.193877551,-0.193877551,1,0.612244898,-0.193877551,1,0.612244898
1995,225,0,1,-0.333333333,-0.333333333,0.333333334,-0.333333333,-0.333333333,0.333333334
1995,190,0,0.890598291,0.890598291,1,2.781196582,0.890598291,1,2.781196582
1995,226,0.984042553,0.763010204,0.763010204,1,2.526020408,0.763010204,1,2.526020408
1995,227,0,-0.2,-0.2,1,0.6,-0.2,1,0.6
1991,133,0,0.017857143,0.017857143,1,1.035714286,0.017857143,1,1.035714286
1991,135,0,-0.186507937,-0.186507937,1,0.626984126,-0.186507937,1,0.626984126
1991,145,0,-0.173809524,-0.173809524,1,0.652380952,-0.173809524,1,0.652380952
1991,155,0,-0.25042517,-0.25042517,1,0.49914966,-0.25042517,1,0.49914966
1991,156,0,-0.017283951,-0.017283951,1,0.965432098,-0.017283951,1,0.965432098
1991,158,0,0.013888889,0.013888889,1,1.027777778,0.013888889,1,1.027777778
1991,159,0,0.983333333,0.983333333,1,2.966666666,-0.270408163,-0.4,0.31292517
1991,189,1,0.334920635,0.334920635,1,1.66984127,0.334920635,1,1.66984127
1991,193,0,-0.605555556,-0.605555556,1,-0.211111112,0.91468254,-0.6,-0.290873016
1991,131,0,0.023809524,-0.2,-0.2,-0.376190476,0.023809524,1,1.047619048
1991,197,0,0.166666667,0.166666667,1,1.333333334,0.166666667,1,1.333333334
1991,128,1,1,1,1,3,0,0,1
1991,137,0,-0.279931973,-0.279931973,1,0.440136054,-0.279931973,1,0.440136054
1991,138,0,0.94047619,0.94047619,1,2.88095238,0.2,0.2,1.34047619
1991,144,0,-0.5,-0.5,1,0,-0.75,-0.2,-1.45
1991,157,0,-0.6,-0.6,1,-0.2,-0.6,1,-0.2
1991,160,0,1,-0.2,-0.2,0.6,1,1,3
1991,192,0,-0.2,-0.2,1,0.6,-0.2,1,0.6
1991,225,0,1,-0.333333333,-0.333333333,0.333333334,-0.333333333,-0.333333333,0.333333334
1991,190,0,0.206349206,0.206349206,1,1.412698412,0.206349206,1,1.412698412
1991,226,1,0.223214286,0.223214286,1,1.446428572,0.223214286,1,1.446428572
1991,227,0,-0.2,-0.2,1,0.6,-0.2,1,0.6
1992,133,0,0.144366197,0.144366197,1,1.288732394,0.144366197,1,1.288732394
1992,135,0,-0.224178404,-0.224178404,1,0.551643192,-0.224178404,1,0.551643192
1992,145,0,-0.135211268,-0.135211268,1,0.729577464,-0.135211268,1,0.729577464
1992,155,0,-0.250503018,-0.250503018,1,0.498993964,-0.250503018,1,0.498993964
1992,156,0,-0.066666667,-0.066666667,1,0.866666666,-0.066666667,1,0.866666666
1992,158,0,-0.05399061,-0.05399061,1,0.89201878,-0.05399061,1,0.89201878
1992,159,0,0.984859155,0.984859155,1,2.96971831,-0.275528169,-0.4,0.309330986
1992,189,0.992857143,0.194366197,0.194366197,1,1.388732394,0.194366197,1,1.388732394
1992,193,0,-0.604694836,-0.604694836,1,-0.209389672,0.935211268,-0.6,-0.269483568
1992,131,0,0.00528169,-0.199471831,-0.2,-0.394190141,0.00528169,1,1.01056338
1992,197,0,0.172535211,0.172535211,1,1.345070422,0.172535211,1,1.345070422
1992,128,1,1,1,1,3,0,0,1
1992,137,0,-0.285267159,-0.285267159,1,0.429465682,-0.285267159,1,0.429465682
1992,138,0,0.987323944,0.987323944,1,2.974647888,0.205633803,0.2,1.392957747
1992,144,0,-0.497652582,-0.497652582,1,0.004694836,-0.745892019,-0.2,-1.443544601
1992,157,0,-0.395598592,-0.395598592,1,0.208802816,-0.395598592,1,0.208802816
1992,160,0,1,-0.2,-0.2,0.6,1,1,3
1992,192,0,-0.2,-0.2,1,0.6,-0.2,1,0.6
1992,225,0,1,-0.333333333,-0.333333333,0.333333334,-0.333333333,-0.333333333,0.333333334
1992,190,0,0.422535211,0.422535211,1,1.845070422,0.422535211,1,1.845070422
1992,226,1,0.080985915,0.080985915,1,1.16197183,0.080985915,1,1.16197183
1992,227,0,-0.2,-0.2,1,0.6,-0.2,1,0.6
1993,133,0,0.1998557,0.1998557,1,1.3997114,0.1998557,1,1.3997114
1993,135,0.004464286,-0.236796537,-0.236796537,1,0.526406926,-0.236796537,1,0.526406926
1993,145,0.004464286,-0.013913043,-0.013913043,1,0.972173914,-0.013913043,1,0.972173914
1993,155,0,-0.250309215,-0.250309215,1,0.49938157,-0.250309215,1,0.49938157
1993,156,0,-0.186147186,-0.186147186,1,0.627705628,-0.186147186,1,0.627705628
1993,158,0,-0.163780664,-0.163780664,1,0.672438672,-0.163780664,1,0.672438672
1993,159,0,0.967243867,0.967243867,1,2.934487734,-0.27592249,-0.4,0.291321377
1993,189,0.995535714,-0.153823954,-0.153823954,1,0.692352092,-0.153823954,1,0.692352092
1993,193,0,-0.601154401,-0.601154401,1,-0.202308802,0.981240981,-0.6,-0.21991342
1993,131,0,0.012987013,-0.2,-0.2,-0.387012987,0.012987013,1,1.025974026
1993,197,0,0.184704185,0.184704185,1,1.36940837,0.184704185,1,1.36940837
1993,128,1,0.995670996,0.995670996,1,2.991341992,0.004329004,0,1
1993,137,0.004464286,-0.277674706,-0.277674706,1,0.444650588,-0.277674706,1,0.444650588
1993,138,0.004464286,0.90660793,0.90660793,1,2.81321586,0.231718062,0.2,1.338325992
1993,144,0.004464286,-0.494949495,-0.494949495,1,0.01010101,-0.741702742,-0.2,-1.436652237
1993,157,0,0.793181818,0.793181818,1,2.586363636,0.793181818,1,2.586363636
1993,160,0,0.98961039,-0.18961039,-0.2,0.6,0.98961039,1,2.97922078
1993,192,0,-0.18961039,-0.18961039,1,0.62077922,-0.18961039,1,0.62077922
1993,225,0,1,-0.333333333,-0.333333333,0.333333334,-0.333333333,-0.333333333,0.333333334
1993,190,0,0.905072464,0.905072464,1,2.810144928,0.905072464,1,2.810144928
1993,226,1,0.092430859,0.092430859,1,1.184861718,0.092430859,1,1.184861718
1993,227,0,-0.174025974,-0.174025974,1,0.651948052,-0.174025974,1,0.651948052
1994,133,0,0.192393736,0.192393736,1,1.384787472,0.192393736,1,1.384787472
1994,135,0.006802721,-0.19261745,-0.19261745,1,0.6147651,-0.19261745,1,0.6147651
1994,145,0.006802721,-0.025503356,-0.025503356,1,0.948993288,-0.025503356,1,0.948993288
1994,155,0,-0.250479386,-0.250479386,1,0.499041228,-0.250479386,1,0.499041228
1994,156,0,-0.192393736,-0.192393736,1,0.615212528,-0.192393736,1,0.615212528
1994,158,0,-0.159955257,-0.159955257,1,0.680089486,-0.159955257,1,0.680089486
1994,159,0,0.96935123,0.96935123,1,2.93870246,-0.274368808,-0.4,0.294982422
1994,189,0.979591837,-0.18836689,-0.18836689,1,0.62326622,-0.18836689,1,0.62326622
1994,193,0,-0.597315436,-0.597315436,1,-0.194630872,0.932662192,-0.6,-0.264653244
1994,131,0,0.006849315,-0.2,-0.2,-0.393150685,0.006849315,1,1.01369863
1994,197,0,0.222595078,0.222595078,1,1.445190156,0.222595078,1,1.445190156
1994,128,1,1,1,1,3,0,0,1
1994,137,0.006802721,-0.284862043,-0.284862043,1,0.430275914,-0.284862043,1,0.430275914
1994,138,0.006802721,0.939597315,0.939597315,1,2.87919463,0.226845638,0.2,1.366442953
1994,144,0.006802721,-0.491946309,-0.491946309,1,0.016107382,-0.741275168,-0.2,-1.433221477
1994,157,0,0.861912752,0.861912752,1,2.723825504,0.861912752,1,2.723825504
1994,160,0,0.995525727,-0.199776286,-0.2,0.595749441,0.995525727,1,2.991051454
1994,192,0,-0.191946309,-0.191946309,1,0.616107382,-0.191946309,1,0.616107382
1994,225,0,1,-0.333333333,-0.333333333,0.333333334,-0.333333333,-0.333333333,0.333333334
1994,190,0,0.935123043,0.935123043,1,2.870246086,0.935123043,1,2.870246086
1994,226,0.993055556,0.136986301,0.136986301,1,1.273972602,0.136986301,1,1.273972602
1994,227,0,-0.201369863,-0.201369863,1,0.597260274,-0.201369863,1,0.597260274
2002,133,0.996441281,0.997146119,0.997146119,1,2.994292238,0.997146119,1,2.994292238
2002,135,0.997627521,1,1,1,3,1,1,3
2002,145,0.422301305,-0.198135464,-0.198135464,1,0.603729072,-0.198135464,1,0.603729072
2002,155,0.996441281,0.066658513,0.066658513,1,1.133317026,0.066658513,1,1.133317026
2002,156,0,0.260388128,0.260388128,1,1.520776256,0.260388128,1,1.520776256
2002,158,0,0.000570776,0.000570776,1,1.001141552,0.000570776,1,1.001141552
2002,159,0,0.982686454,0.982686454,1,2.965372908,-0.284762992,-0.4,0.297923462
2002,189,0.991686461,-0.196727549,-0.196727549,1,0.606544902,-0.196727549,1,0.606544902
2002,193,0,-0.596423135,-0.596423135,1,-0.19284627,0.995243531,-0.6,-0.201179604
2002,131,0.996441281,0.357388316,-0.2,-0.2,-0.042611684,0.357388316,1,1.714776632
2002,197,0,0.995195967,0.995195967,1,2.990391934,0.995195967,1,2.990391934
2002,128,1,0.993119266,0.993119266,1,2.986238532,0.005351682,0,0.998470948
2002,137,0.422301305,0.989481409,0.989481409,1,2.978962818,0.989481409,1,2.978962818
2002,138,0.422301305,0.995205479,0.995205479,1,2.990410958,0.203652968,0.2,1.398858447
2002,144,0.422301305,-0.093417047,-0.093417047,1,0.813165906,-0.093987823,-0.2,-0.38740487
2002,157,0,0.994520548,0.994520548,1,2.989041096,0.994520548,1,2.989041096
2002,160,0,0.998630137,-0.198630137,-0.2,0.6,0.998630137,1,2.997260274
2002,192,0,0.975228311,0.975228311,1,2.950456622,0.975228311,1,2.950456622
2002,225,0,0.408477842,0.256647399,-0.333333333,0.331791908,0.256647399,-0.333333333,0.331791908
2002,190,0,0.981697108,0.981697108,1,2.963394216,0.981697108,1,2.963394216
2002,226,0.998789346,0.759548611,0.759548611,1,2.519097222,0.759548611,1,2.519097222
2002,227,0,-0.165549133,-0.165549133,1,0.668901734,-0.165549133,1,0.668901734
2003,133,0.998074454,0.99842072,0.99842072,1,2.99684144,0.99842072,1,2.99684144
2003,135,0.99807569,1,1,1,3,1,1,3
2003,145,0.896728672,-0.19490419,-0.19490419,1,0.61019162,-0.19490419,1,0.61019162
2003,155,0.998074454,0.86424513,0.86424513,1,2.72849026,0.86424513,1,2.72849026
2003,156,0,0.867950337,0.867950337,1,2.735900674,0.867950337,1,2.735900674
2003,158,0,-0.002632133,-0.002632133,1,0.994735734,-0.002632133,1,0.994735734
2003,159,0,0.907770057,0.907770057,1,2.815540114,-0.292956412,-0.4,0.214813645
2003,189,0.996148909,-0.167171717,-0.167171717,1,0.665656566,-0.167171717,1,0.665656566
2003,193,0,-0.602188552,-0.602188552,1,-0.204377104,0.929545455,-0.6,-0.272643097
2003,131,0.998074454,0.901242367,-0.199831543,-0.2,0.501410824,0.901242367,1,2.802484734
2003,197,0,0.998895202,0.998895202,1,2.997790404,0.998895202,1,2.997790404
2003,128,1,0.972552116,0.972552116,1,2.945104232,0.025568541,0,0.998120657
2003,137,0.896728672,1,1,1,3,1,1,3
2003,138,0.896728672,0.988590392,0.988590392,1,2.977180784,0.205151707,0.2,1.393742099
2003,144,0.896728672,-0.016561448,-0.016561448,1,0.966877104,-0.017319024,-0.2,-0.233880472
2003,157,0,0.994216182,0.994216182,1,2.988432364,0.994216182,1,2.988432364
2003,160,0,0.999578592,-0.19997893,-0.2,0.599599662,0.999578592,1,2.999157184
2003,192,0,0.998190236,0.998190236,1,2.996380472,0.998190236,1,2.996380472
2003,225,0,-0.24637224,0.911777077,-0.333333333,0.332071504,0.911777077,-0.333333333,0.332071504
2003,190,0,0.982101495,0.982101495,1,2.96420299,0.982101495,1,2.96420299
2003,226,0.999351492,0.78121424,0.78121424,1,2.56242848,0.78121424,1,2.56242848
2003,227,0,0.02922037,0.02922037,1,1.05844074,0.02922037,1,1.05844074
2004,133,1,1,1,1,3,1,1,3
2004,135,1,1,1,1,3,1,1,3
2004,145,0.925304878,-0.076760913,-0.076760913,1,0.846478174,-0.076760913,1,0.846478174
2004,155,1,0.996279762,0.996279762,1,2.992559524,0.996279762,1,2.992559524
2004,156,0,0.993923611,0.993923611,1,2.987847222,0.993923611,1,2.987847222
2004,158,0,0.001612103,0.001612103,1,1.003224206,0.001612103,1,1.003224206
2004,159,0,0.579017857,0.579017857,1,2.158035714,-0.463329082,-0.4,-0.284311225
2004,189,0.991615854,-0.032929422,-0.032929422,1,0.934141156,-0.032929422,1,0.934141156
2004,193,0,-0.579315476,-0.579315476,1,-0.158630952,0.948784722,-0.6,-0.230530754
2004,131,1,0.994043187,-0.199404319,-0.2,0.594638868,0.994043187,1,2.988086374
2004,197,0,0.999404762,0.999404762,1,2.998809524,0.999404762,1,2.998809524
2004,128,1,0.994638868,0.994638868,1,2.989277736,7.45E-05,0,0.994713368
2004,137,0.925304878,0.999404319,0.999404319,1,2.998808638,0.999404319,1,2.998808638
2004,138,0.925304878,0.965599404,0.965599404,1,2.931198808,0.232166791,0.2,1.397766195
2004,144,0.925304878,-0.012698413,-0.012698413,1,0.974603174,-0.011805556,-0.2,-0.224503969
2004,157,0,0.98422619,0.98422619,1,2.96845238,0.98422619,1,2.96845238
2004,160,0,1,-0.2,-0.2,0.6,1,1,3
2004,192,0,0.99375,0.99375,1,2.9875,0.99375,1,2.9875
2004,225,0,-0.326171875,0.982948909,-0.333333333,0.323443701,0.982948909,-0.333333333,0.323443701
2004,190,0,0.995904691,0.995904691,1,2.991809382,0.995904691,1,2.991809382
2004,226,1,0.896938013,0.896938013,1,2.793876026,0.896938013,1,2.793876026
2004,227,0,0.64375,0.64375,1,2.2875,0.64375,1,2.2875
2005,133,0.997239476,0.998878421,0.998878421,1,2.997756842,0.998878421,1,2.997756842
2005,135,0.999311295,0.998111935,0.998111935,1,2.99622387,0.998111935,1,2.99622387
2005,145,0.978650138,0.1332211,0.1332211,1,1.2664422,0.1332211,1,1.2664422
2005,155,0.997239476,0.984858681,0.984858681,1,2.969717362,0.984858681,1,2.969717362
2005,156,0,0.981032548,0.981032548,1,2.962065096,0.981032548,1,2.962065096
2005,158,0,0.000672948,0.000672948,1,1.001345896,0.000672948,1,1.001345896
2005,159,0,0.507402423,0.507402423,1,2.014804846,-0.496827533,-0.4,-0.38942511
2005,189,0.991752577,0.001031853,0.001031853,1,1.002063706,0.001031853,1,1.002063706
2005,193,0,0.108350123,0.108350123,1,1.216700246,0.321692411,-0.6,-0.169957466
2005,131,0.997239476,0.98384926,-0.199192463,-0.2,0.584656797,0.98384926,1,2.96769852
2005,197,0,0.997705395,0.997705395,1,2.99541079,0.997705395,1,2.99541079
2005,128,1,0.993092992,0.993092992,1,2.986185984,0.001488095,0,0.994581087
2005,137,0.978650138,0.998125361,0.998125361,1,2.996250722,0.998125361,1,2.996250722
2005,138,0.978650138,0.959433962,0.959433962,1,2.918867924,0.239892183,0.2,1.399326145
2005,144,0.978650138,-0.003050695,-0.003050695,1,0.99389861,0.000930911,-0.2,-0.202119784
2005,157,0,0.996769852,0.996769852,1,2.993539704,0.996769852,1,2.993539704
2005,160,0,0.997846568,-0.199125168,-0.2,0.5987214,0.997846568,1,2.995693136
2005,192,0,0.987743452,0.987743452,1,2.975486904,0.987743452,1,2.975486904
2005,225,0,-0.238970917,0.613064877,-0.333333333,0.040760627,0.613064877,-0.333333333,0.040760627
2005,190,0,0.994963062,0.994963062,1,2.989926124,0.994963062,1,2.989926124
2005,226,0.998596491,0.98948959,0.98948959,1,2.97897918,0.98948959,1,2.97897918
2005,227,0,0.924295302,0.924295302,1,2.848590604,0.924295302,1,2.848590604
2006,133,0.998435055,0.998569943,0.998569943,1,2.997139886,0.998569943,1,2.997139886
2006,135,1,0.997711908,0.997711908,1,2.995423816,0.997711908,1,2.995423816
2006,145,0.89827856,0.058034321,0.058034321,1,1.116068642,0.058034321,1,1.116068642
2006,155,0.998435055,0.998995536,0.998995536,1,2.997991072,0.998995536,1,2.997991072
2006,156,0,0.989933542,0.989933542,1,2.979867084,0.989933542,1,2.979867084
2006,158,0.000784314,0.002084962,0.002084962,1,1.004169924,0.002084962,1,1.004169924
2006,159,0.000784314,0.499687256,0.499687256,1,1.999374512,-0.498659667,-0.4,-0.398972411
2006,189,0.994569434,0.006960557,0.006960557,1,1.013921114,0.006960557,1,1.013921114
2006,193,0,0.77485096,0.77485096,1,2.54970192,-0.29680945,-0.6,-0.12195849
2006,131,0.998435055,0.999218139,-0.199843628,-0.2,0.599374511,0.999218139,1,2.998436278
2006,197,0,0.992323545,0.992323545,1,2.98464709,0.992323545,1,2.98464709
2006,128,1,0.933411642,0.933411642,1,2.866823284,0.047324458,0,0.9807361
2006,137,0.89827856,0.998205928,0.998205928,1,2.996411856,0.998205928,1,2.996411856
2006,138,0.89827856,0.9848319,0.9848319,1,2.9696638,0.214386239,0.2,1.399218139
2006,144,0.89827856,-0.01450858,-0.01450858,1,0.97098284,-0.01450858,-0.2,-0.22901716
2006,157,0.000784314,0.871618452,0.871618452,1,2.743236904,0.871618452,1,2.743236904
2006,160,0.000784314,0.997237425,-0.198983581,-0.2,0.598253844,0.997237425,1,2.99447485
2006,192,0,0.981452859,0.981452859,1,2.962905718,0.981452859,1,2.962905718
2006,225,0,-0.1807393,0.291958495,-0.333333333,-0.222114138,0.291958495,-0.333333333,-0.222114138
2006,190,0,0.992658423,0.992658423,1,2.985316846,0.992658423,1,2.985316846
2006,226,0.996835443,0.993803253,0.993803253,1,2.987606506,0.993803253,1,2.987606506
2006,227,0,0.983268784,0.983268784,1,2.966537568,0.983268784,1,2.966537568
1968,133,0,0.984848485,0.984848485,1,2.96969697,0.984848485,1,2.96969697
1968,135,0,-0.333333333,-0.333333333,1,0.333333334,-0.333333333,1,0.333333334
1968,145,0,0.910909091,0.910909091,1,2.821818182,0.910909091,1,2.821818182
1968,155,0,0.976623377,0.976623377,1,2.953246754,0.976623377,1,2.953246754
1968,156,0,-0.2,-0.2,1,0.6,-0.2,1,0.6
1968,158,0,-0.166666667,-0.166666667,1,0.666666666,-0.166666667,1,0.666666666
1968,159,0,-0.4,-0.4,1,0.2,1,-0.4,0.2
1968,189,0.958333333,0.181818182,0.181818182,1,1.363636364,0.181818182,1,1.363636364
1968,193,0,-0.601212121,-0.601212121,1,-0.202424242,0.981818182,-0.6,-0.219393939
1968,131,0,1,-0.2,-0.2,0.6,1,1,3
1968,197,0,1,1,1,3,1,1,3
1968,128,0.958333333,1,1,1,3,0,0,1
1968,137,0,0,0,1,1,0,1,1
1968,138,0,1,1,1,3,0.2,0.2,1.4
1968,144,0,-0.156060606,-0.156060606,1,0.687878788,-0.327575758,-0.2,-0.683636364
1968,157,0,-0.6,-0.6,1,-0.2,-0.6,1,-0.2
1968,160,0,-0.2,1,-0.2,0.6,-0.2,1,0.6
1968,192,0,-0.2,-0.2,1,0.6,-0.2,1,0.6
1968,225,0,1,-0.333333333,-0.333333333,0.333333334,-0.333333333,-0.333333333,0.333333334
1968,190,0,0.166666667,0.166666667,1,1.333333334,0.166666667,1,1.333333334
1968,226,1,0.222972973,0.222972973,1,1.445945946,0.222972973,1,1.445945946
1968,227,0,-0.2,-0.2,1,0.6,-0.2,1,0.6
1990,133,0,0.038251366,0.038251366,1,1.076502732,0.038251366,1,1.076502732
1990,135,0,-0.278688525,-0.278688525,1,0.44262295,-0.278688525,1,0.44262295
1990,145,0,-0.078688525,-0.078688525,1,0.84262295,-0.078688525,1,0.84262295
1990,155,0,-0.25,-0.25,1,0.5,-0.25,1,0.5
1990,156,0,-0.052459016,-0.052459016,1,0.895081968,-0.052459016,1,0.895081968
1990,158,0,-0.163934426,-0.163934426,1,0.672131148,-0.163934426,1,0.672131148
1990,159,0,0.913934426,0.913934426,1,2.827868852,-0.269028103,-0.4,0.244906323
1990,189,1,0.322404372,0.322404372,1,1.644808744,0.322404372,1,1.644808744
1990,193,0,-0.642622951,-0.642622951,1,-0.285245902,0.473224044,-0.6,-0.769398907
1990,131,0,0,-0.2,-0.2,-0.4,0,1,1
1990,197,0,0.166666667,0.166666667,1,1.333333334,0.166666667,1,1.333333334
1990,128,1,0.965517241,0.965517241,1,2.931034482,0.011494253,0,0.977011494
1990,137,0,-0.285714286,-0.285714286,1,0.428571428,-0.285714286,1,0.428571428
1990,138,0,0.983606557,0.983606557,1,2.967213114,0.2,0.2,1.383606557
1990,144,0,-0.5,-0.5,1,0,-0.75,-0.2,-1.45
1990,157,0,-0.573770492,-0.573770492,1,-0.147540984,-0.573770492,1,-0.147540984
1990,160,0,1,-0.2,-0.2,0.6,1,1,3
1990,192,0,-0.2,-0.2,1,0.6,-0.2,1,0.6
1990,225,0,1,-0.333333333,-0.333333333,0.333333334,-0.333333333,-0.333333333,0.333333334
1990,190,0,0.303278689,0.303278689,1,1.606557378,0.303278689,1,1.606557378
1990,226,1,0.120689655,0.120689655,1,1.24137931,0.120689655,1,1.24137931
1990,227,0,-0.2,-0.2,1,0.6,-0.2,1,0.6
1989,133,0,0.019047619,0.019047619,1,1.038095238,0.019047619,1,1.038095238
1989,135,0,-0.303174603,-0.303174603,1,0.393650794,-0.303174603,1,0.393650794
1989,145,0,-0.045714286,-0.045714286,1,0.908571428,-0.045714286,1,0.908571428
1989,155,0,-0.25,-0.25,1,0.5,-0.25,1,0.5
1989,156,0,-0.046474359,-0.046474359,1,0.907051282,-0.046474359,1,0.907051282
1989,158,0,-0.165079365,-0.165079365,1,0.66984127,-0.165079365,1,0.66984127
1989,159,0,0.921428571,0.921428571,1,2.842857142,-0.269557823,-0.4,0.251870748
1989,189,0.989010989,0.315555556,0.315555556,1,1.631111112,0.315555556,1,1.631111112
1989,193,0,-0.671746032,-0.671746032,1,-0.343492064,0.043809524,-0.6,-1.227936508
1989,131,0,0.057142857,-0.2,-0.2,-0.342857143,0.057142857,1,1.114285714
1989,197,0,0.166666667,0.166666667,1,1.333333334,0.166666667,1,1.333333334
1989,128,1,0.99047619,0.99047619,1,2.98095238,0.00952381,0,1
1989,137,0,-0.282690854,-0.282690854,1,0.434618292,-0.282690854,1,0.434618292
1989,138,0,0.982857143,0.982857143,1,2.965714286,0.207619048,0.2,1.390476191
1989,144,0,-0.502857143,-0.502857143,1,-0.005714286,-0.745714286,-0.2,-1.448571429
1989,157,0,-0.58047619,-0.58047619,1,-0.16095238,-0.58047619,1,-0.16095238
1989,160,0,1,-0.2,-0.2,0.6,1,1,3
1989,192,0,-0.2,-0.2,1,0.6,-0.2,1,0.6
1989,225,0,1,-0.333333333,-0.333333333,0.333333334,-0.333333333,-0.333333333,0.333333334
1989,190,0,0.174603175,0.174603175,1,1.34920635,0.174603175,1,1.34920635
1989,226,1,0.185714286,0.185714286,1,1.371428572,0.185714286,1,1.371428572
1989,227,0,-0.2,-0.2,1,0.6,-0.2,1,0.6
1996,133,0.522900763,0.59102091,0.59102091,1,2.18204182,0.59102091,1,2.18204182
1996,135,0.522900763,0.814268143,0.814268143,1,2.628536286,0.814268143,1,2.628536286
1996,145,0.015267176,-0.172693727,-0.172693727,1,0.654612546,-0.172693727,1,0.654612546
1996,155,0.522900763,-0.250131787,-0.250131787,1,0.499736426,-0.250131787,1,0.499736426
1996,156,0,-0.187822878,-0.187822878,1,0.624354244,-0.187822878,1,0.624354244
1996,158,0,-0.155555556,-0.155555556,1,0.688888888,-0.155555556,1,0.688888888
1996,159,0,0.997232472,0.997232472,1,2.994464944,-0.285121244,-0.4,0.312111228
1996,189,0.984732824,-0.198024691,-0.198024691,1,0.603950618,-0.198024691,1,0.603950618
1996,193,0,-0.604182042,-0.604182042,1,-0.208364084,0.912177122,-0.6,-0.29200492
1996,131,0.522900763,0.003690037,-0.2,-0.2,-0.396309963,0.003690037,1,1.007380074
1996,197,0,0.975399754,0.975399754,1,2.950799508,0.975399754,1,2.950799508
1996,128,1,0.965129151,0.965129151,1,2.930258302,0.01897294,0,0.984102091
1996,137,0.015267176,-0.240584549,-0.240584549,1,0.518830902,-0.240584549,1,0.518830902
1996,138,0.015267176,0.997037037,0.997037037,1,2.994074074,0.202962963,0.2,1.4
1996,144,0.015267176,-0.494218942,-0.494218942,1,0.011562116,-0.734071341,-0.2,-1.428290283
1996,157,0,0.988981481,0.988981481,1,2.977962962,0.988981481,1,2.977962962
1996,160,0,1,-0.2,-0.2,0.6,1,1,3
1996,192,0,-0.13800738,-0.13800738,1,0.72398524,-0.13800738,1,0.72398524
1996,225,0,1,-0.333333333,-0.333333333,0.333333334,-0.333333333,-0.333333333,0.333333334
1996,190,0,0.894218942,0.894218942,1,2.788437884,0.894218942,1,2.788437884
1996,226,1,0.796296296,0.796296296,1,2.592592592,0.796296296,1,2.592592592
1996,227,0,-0.2,-0.2,1,0.6,-0.2,1,0.6
1984,133,0,0,0,1,1,0,1,1
1984,135,0,-0.333333333,-0.333333333,1,0.333333334,-0.333333333,1,0.333333334
1984,145,0,-0.0125,-0.0125,1,0.975,-0.0125,1,0.975
1984,155,0,-0.285714286,-0.285714286,1,0.428571428,-0.285714286,1,0.428571428
1984,156,0,-0.0125,-0.0125,1,0.975,-0.0125,1,0.975
1984,158,0,-0.166666667,-0.166666667,1,0.666666666,-0.166666667,1,0.666666666
1984,159,0,-0.4,-0.4,1,0.2,1,-0.4,0.2
1984,189,1,1,1,1,3,1,1,3
1984,193,0,-0.666666667,-0.666666667,1,-0.333333334,0,-0.6,-1.266666667
1984,131,0,1,-0.2,-0.2,0.6,1,1,3
1984,197,0,0.166666667,0.166666667,1,1.333333334,0.166666667,1,1.333333334
1984,128,1,1,1,1,3,0,0,1
1984,137,0,-0.285714286,-0.285714286,1,0.428571428,-0.285714286,1,0.428571428
1984,138,0,0.775,0.775,1,2.55,0.3,0.2,1.275
1984,144,0,-0.479166667,-0.479166667,1,0.041666666,-0.713541667,-0.2,-1.392708334
1984,157,0,-0.6,-0.6,1,-0.2,-0.6,1,-0.2
1984,160,0,1,-0.2,-0.2,0.6,1,1,3
1984,192,0,-0.2,-0.2,1,0.6,-0.2,1,0.6
1984,225,0,1,-0.333333333,-0.333333333,0.333333334,-0.333333333,-0.333333333,0.333333334
1984,190,0,0.130208333,0.130208333,1,1.260416666,0.130208333,1,1.260416666
1984,226,1,0.25,0.25,1,1.5,0.25,1,1.5
1984,227,0,-0.2,-0.2,1,0.6,-0.2,1,0.6
1983,133,0,0,0,1,1,0,1,1
1983,135,0,-0.333333333,-0.333333333,1,0.333333334,-0.333333333,1,0.333333334
1983,145,0,-0.00625,-0.00625,1,0.9875,-0.00625,1,0.9875
1983,155,0,-0.285714286,-0.285714286,1,0.428571428,-0.285714286,1,0.428571428
1983,156,0,-0.025,-0.025,1,0.95,-0.025,1,0.95
1983,158,0,-0.166666667,-0.166666667,1,0.666666666,-0.166666667,1,0.666666666
1983,159,0,-0.4,-0.4,1,0.2,1,-0.4,0.2
1983,189,1,1,1,1,3,1,1,3
1983,193,0,-0.670833333,-0.670833333,1,-0.341666666,-0.00625,-0.6,-1.277083333
1983,131,0,1,-0.2,-0.2,0.6,1,1,3
1983,197,0,0.166666667,0.166666667,1,1.333333334,0.166666667,1,1.333333334
1983,128,1,1,1,1,3,0,0,1
1983,137,0,-0.285714286,-0.285714286,1,0.428571428,-0.285714286,1,0.428571428
1983,138,0,0.8875,0.8875,1,2.775,0.25,0.2,1.3375
1983,144,0,-0.239583333,-0.239583333,1,0.520833334,-0.388020833,-0.2,-0.827604166
1983,157,0,-0.6,-0.6,1,-0.2,-0.6,1,-0.2
1983,160,0,1,-0.2,-0.2,0.6,1,1,3
1983,192,0,-0.2,-0.2,1,0.6,-0.2,1,0.6
1983,225,0,1,-0.333333333,-0.333333333,0.333333334,-0.333333333,-0.333333333,0.333333334
1983,190,0,0.166666667,0.166666667,1,1.333333334,0.166666667,1,1.333333334
1983,226,1,0.25,0.25,1,1.5,0.25,1,1.5
1983,227,0,-0.2,-0.2,1,0.6,-0.2,1,0.6
1988,133,0,0.032258065,0.032258065,1,1.06451613,0.032258065,1,1.06451613
1988,135,0,-0.333333333,-0.333333333,1,0.333333334,-0.333333333,1,0.333333334
1988,145,0,-0.032258065,-0.032258065,1,0.93548387,-0.032258065,1,0.93548387
1988,155,0,-0.254608295,-0.254608295,1,0.49078341,-0.254608295,1,0.49078341
1988,156,0,-0.04516129,-0.04516129,1,0.90967742,-0.04516129,1,0.90967742
1988,158,0,-0.166666667,-0.166666667,1,0.666666666,-0.166666667,1,0.666666666
1988,159,0,1,1,1,3,-0.285714286,-0.4,0.314285714
1988,189,1,0.397849462,0.397849462,1,1.795698924,0.397849462,1,1.795698924
1988,193,0,-0.670967742,-0.670967742,1,-0.341935484,-0.006451613,-0.6,-1.277419355
1988,131,0,0.806451613,-0.2,-0.2,0.406451613,0.806451613,1,2.612903226
1988,197,0,0.166666667,0.166666667,1,1.333333334,0.166666667,1,1.333333334
1988,128,1,1,1,1,3,0,0,1
1988,137,0,-0.281618024,-0.281618024,1,0.436763952,-0.281618024,1,0.436763952
1988,138,0,0.877419355,0.877419355,1,2.75483871,0.225806452,0.2,1.303225807
1988,144,0,-0.5,-0.5,1,0,-0.75,-0.2,-1.45
1988,157,0,-0.6,-0.6,1,-0.2,-0.6,1,-0.2
1988,160,0,1,-0.2,-0.2,0.6,1,1,3
1988,192,0,-0.161290323,-0.161290323,1,0.677419354,-0.161290323,1,0.677419354
1988,225,0,0.967741935,-0.335483871,-0.333333333,0.298924731,-0.335483871,-0.333333333,0.298924731
1988,190,0,0.166666667,0.166666667,1,1.333333334,0.166666667,1,1.333333334
1988,226,1,0.225806452,0.225806452,1,1.451612904,0.225806452,1,1.451612904
1988,227,0,-0.2,-0.2,1,0.6,-0.2,1,0.6
1986,133,0,0,0,1,1,0,1,1
1986,135,0,-0.333333333,-0.333333333,1,0.333333334,-0.333333333,1,0.333333334
1986,145,0,-0.047058824,-0.047058824,1,0.905882352,-0.047058824,1,0.905882352
1986,155,0,-0.285714286,-0.285714286,1,0.428571428,-0.285714286,1,0.428571428
1986,156,0,0,0,1,1,0,1,1
1986,158,0,-0.166666667,-0.166666667,1,0.666666666,-0.166666667,1,0.666666666
1986,159,0,0.505882353,0.505882353,1,2.011764706,0.168067227,-0.4,0.27394958
1986,189,1,1,1,1,3,1,1,3
1986,193,0,-0.674509804,-0.674509804,1,-0.349019608,-0.011764706,-0.6,-1.28627451
1986,131,0,1,-0.2,-0.2,0.6,1,1,3
1986,197,0,0.166666667,0.166666667,1,1.333333334,0.166666667,1,1.333333334
1986,128,1,1,1,1,3,0,0,1
1986,137,0,-0.285714286,-0.285714286,1,0.428571428,-0.285714286,1,0.428571428
1986,138,0,0.8125,0.8125,1,2.625,0.2,0.2,1.2125
1986,144,0,-0.5,-0.5,1,0,-0.75,-0.2,-1.45
1986,157,0,-0.6,-0.6,1,-0.2,-0.6,1,-0.2
1986,160,0,1,-0.2,-0.2,0.6,1,1,3
1986,192,0,-0.2,-0.2,1,0.6,-0.2,1,0.6
1986,225,0,1,-0.333333333,-0.333333333,0.333333334,-0.333333333,-0.333333333,0.333333334
1986,190,0,0.166666667,0.166666667,1,1.333333334,0.166666667,1,1.333333334
1986,226,1,0.25,0.25,1,1.5,0.25,1,1.5
1986,227,0,-0.2,-0.2,1,0.6,-0.2,1,0.6
1985,133,0,0.063829787,0.063829787,1,1.127659574,0.063829787,1,1.127659574
1985,135,0.02173913,-0.333333333,-0.333333333,1,0.333333334,-0.333333333,1,0.333333334
1985,145,0.02173913,0,0,1,1,0,1,1
1985,155,0,-0.284194529,-0.284194529,1,0.431610942,-0.284194529,1,0.431610942
1985,156,0,-0.085815603,-0.085815603,1,0.828368794,-0.085815603,1,0.828368794
1985,158,0,-0.163120567,-0.163120567,1,0.673758866,-0.163120567,1,0.673758866
1985,159,0,0.225531915,0.225531915,1,1.45106383,0.425531915,-0.4,0.25106383
1985,189,1,1,1,1,3,1,1,3
1985,193,0,-0.675177305,-0.675177305,1,-0.35035461,-0.012765957,-0.6,-1.287943262
1985,131,0,1,-0.2,-0.2,0.6,1,1,3
1985,197,0,0.166666667,0.166666667,1,1.333333334,0.166666667,1,1.333333334
1985,128,1,1,1,1,3,0,0,1
1985,137,0.02173913,-0.229652145,-0.229652145,1,0.54069571,-0.229652145,1,0.54069571
1985,138,0.02173913,0.923404255,0.923404255,1,2.84680851,0.234042553,0.2,1.357446808
1985,144,0.02173913,-0.482269504,-0.482269504,1,0.035460992,-0.721631206,-0.2,-1.40390071
1985,157,0,-0.565957447,-0.565957447,1,-0.131914894,-0.565957447,1,-0.131914894
1985,160,0,0.978723404,-0.195744681,-0.2,0.582978723,0.978723404,1,2.957446808
1985,192,0,-0.2,-0.2,1,0.6,-0.2,1,0.6
1985,225,0,1,-0.333333333,-0.333333333,0.333333334,-0.333333333,-0.333333333,0.333333334
1985,190,0,0.166666667,0.166666667,1,1.333333334,0.166666667,1,1.333333334
1985,226,1,0.218085106,0.218085106,1,1.436170212,0.218085106,1,1.436170212
1985,227,0,-0.2,-0.2,1,0.6,-0.2,1,0.6
1997,133,0.638095238,0.699842022,0.699842022,1,2.399684044,0.699842022,1,2.399684044
1997,135,0.638095238,0.987993681,0.987993681,1,2.975987362,0.987993681,1,2.975987362
1997,145,0.042857143,-0.197156398,-0.197156398,1,0.605687204,-0.197156398,1,0.605687204
1997,155,0.638095238,-0.25,-0.25,1,0.5,-0.25,1,0.5
1997,156,0,-0.057503949,-0.057503949,1,0.884992102,-0.057503949,1,0.884992102
1997,158,0,-0.091627172,-0.091627172,1,0.816745656,-0.091627172,1,0.816745656
1997,159,0,1,1,1,3,-0.285714286,-0.4,0.314285714
1997,189,0.985714286,-0.2,-0.2,1,0.6,-0.2,1,0.6
1997,193,0,-0.601587302,-0.601587302,1,-0.203174604,0.973015873,-0.6,-0.228571429
1997,131,0.638095238,0.007582938,-0.2,-0.2,-0.392417062,0.007582938,1,1.015165876
1997,197,0,0.875,0.875,1,2.75,0.875,1,2.75
1997,128,1,0.961374408,0.961374408,1,2.922748816,0.003909953,0,0.965284361
1997,137,0.042857143,-0.198036561,-0.198036561,1,0.603926878,-0.198036561,1,0.603926878
1997,138,0.042857143,1,1,1,3,0.2,0.2,1.4
1997,144,0.042857143,-0.510900474,-0.510900474,1,-0.021800948,-0.669668246,-0.2,-1.38056872
1997,157,0,0.973933649,0.973933649,1,2.947867298,0.973933649,1,2.947867298
1997,160,0,1,-0.2,-0.2,0.6,1,1,3
1997,192,0,-0.108571429,-0.108571429,1,0.782857142,-0.108571429,1,0.782857142
1997,225,0,1,-0.333333333,-0.333333333,0.333333334,-0.333333333,-0.333333333,0.333333334
1997,190,0,0.957936508,0.957936508,1,2.915873016,0.957936508,1,2.915873016
1997,226,0.995121951,0.78452381,0.78452381,1,2.56904762,0.78452381,1,2.56904762
1997,227,0,-0.206666667,-0.206666667,1,0.586666666,-0.206666667,1,0.586666666
1973,133,0,1,1,1,3,1,1,3
1973,135,0,-0.333333333,-0.333333333,1,0.333333334,-0.333333333,1,0.333333334
1973,145,0,0.857142857,0.857142857,1,2.714285714,0.857142857,1,2.714285714
1973,155,0,-0.285714286,-0.285714286,1,0.428571428,-0.285714286,1,0.428571428
1973,156,0,-0.2,-0.2,1,0.6,-0.2,1,0.6
1973,158,0,-0.166666667,-0.166666667,1,0.666666666,-0.166666667,1,0.666666666
1973,159,0,-0.4,-0.4,1,0.2,1,-0.4,0.2
1973,189,1,0.166666667,0.166666667,1,1.333333334,0.166666667,1,1.333333334
1973,193,0,-0.619047619,-0.619047619,1,-0.238095238,0.714285714,-0.6,-0.504761905
1973,131,0,1,-0.2,-0.2,0.6,1,1,3
1973,197,0,1,1,1,3,1,1,3
1973,128,1,1,1,1,3,0,0,1
1973,137,0,0,0,1,1,0,1,1
1973,138,0,1,1,1,3,0.2,0.2,1.4
1973,144,0,-0.166666667,-0.166666667,1,0.666666666,-0.166666667,-0.2,-0.533333334
1973,157,0,-0.6,-0.6,1,-0.2,-0.6,1,-0.2
1973,160,0,-0.2,0.714285714,-0.2,0.314285714,-0.2,1,0.6
1973,192,0,-0.2,-0.2,1,0.6,-0.2,1,0.6
1973,225,0,1,-0.333333333,-0.333333333,0.333333334,-0.333333333,-0.333333333,0.333333334
1973,190,0,0.166666667,0.166666667,1,1.333333334,0.166666667,1,1.333333334
1973,226,1,0.25,0.25,1,1.5,0.25,1,1.5
1973,227,0,-0.2,-0.2,1,0.6,-0.2,1,0.6
1979,133,0,0,0,1,1,0,1,1
1979,135,0,-0.333333333,-0.333333333,1,0.333333334,-0.333333333,1,0.333333334
1979,145,0,-0.061538462,-0.061538462,1,0.876923076,-0.061538462,1,0.876923076
1979,155,0,-0.285714286,-0.285714286,1,0.428571428,-0.285714286,1,0.428571428
1979,156,0,-0.015384615,-0.015384615,1,0.96923077,-0.015384615,1,0.96923077
1979,158,0,-0.166666667,-0.166666667,1,0.666666666,-0.166666667,1,0.666666666
1979,159,0,-0.4,-0.4,1,0.2,1,-0.4,0.2
1979,189,1,1,1,1,3,1,1,3
1979,193,0,-0.687179487,-0.687179487,1,-0.374358974,-0.030769231,-0.6,-1.317948718
1979,131,0,1,-0.2,-0.2,0.6,1,1,3
1979,197,0,0.166666667,0.166666667,1,1.333333334,0.166666667,1,1.333333334
1979,128,1,1,1,1,3,0,0,1
1979,137,0,-0.288156288,-0.288156288,1,0.423687424,-0.288156288,1,0.423687424
1979,138,0,1,1,1,3,0.2,0.2,1.4
1979,144,0,-0.166666667,-0.166666667,1,0.666666666,-0.205128205,-0.2,-0.571794872
1979,157,0,-0.6,-0.6,1,-0.2,-0.6,1,-0.2
1979,160,0,1,-0.2,-0.2,0.6,1,1,3
1979,192,0,-0.2,-0.2,1,0.6,-0.2,1,0.6
1979,225,0,1,-0.333333333,-0.333333333,0.333333334,-0.333333333,-0.333333333,0.333333334
1979,190,0,0.166666667,0.166666667,1,1.333333334,0.166666667,1,1.333333334
1979,226,1,0.25,0.25,1,1.5,0.25,1,1.5
1979,227,0,-0.2,-0.2,1,0.6,-0.2,1,0.6
1972,133,0,1,1,1,3,1,1,3
1972,135,0,-0.322580645,-0.322580645,1,0.35483871,-0.322580645,1,0.35483871
1972,145,0,0.896774194,0.896774194,1,2.793548388,0.896774194,1,2.793548388
1972,155,0,-0.114183308,-0.114183308,1,0.771633384,-0.114183308,1,0.771633384
1972,156,0,-0.2,-0.2,1,0.6,-0.2,1,0.6
1972,158,0,-0.166666667,-0.166666667,1,0.666666666,-0.166666667,1,0.666666666
1972,159,0,-0.404301075,-0.404301075,1,0.19139785,0.885304659,-0.4,0.081003584
1972,189,1,0.166666667,0.166666667,1,1.333333334,0.166666667,1,1.333333334
1972,193,0,-0.606451613,-0.606451613,1,-0.212903226,0.903225806,-0.6,-0.303225807
1972,131,0,1,-0.2,-0.2,0.6,1,1,3
1972,197,0,1,1,1,3,1,1,3
1972,128,1,1,1,1,3,0,0,1
1972,137,0,0.032258065,0.032258065,1,1.06451613,0.032258065,1,1.06451613
1972,138,0,1,1,1,3,0.2,0.2,1.4
1972,144,0,-0.166666667,-0.166666667,1,0.666666666,-0.177419355,-0.2,-0.544086022
1972,157,0,-0.6,-0.6,1,-0.2,-0.6,1,-0.2
1972,160,0,-0.2,1,-0.2,0.6,-0.2,1,0.6
1972,192,0,-0.2,-0.2,1,0.6,-0.2,1,0.6
1972,225,0,1,-0.333333333,-0.333333333,0.333333334,-0.333333333,-0.333333333,0.333333334
1972,190,0,0.129032258,0.129032258,1,1.258064516,0.129032258,1,1.258064516
1972,226,1,0.153225806,0.153225806,1,1.306451612,0.153225806,1,1.306451612
1972,227,0,-0.2,-0.2,1,0.6,-0.2,1,0.6
1999,133,0.971509972,0.977027027,0.977027027,1,2.954054054,0.977027027,1,2.954054054
1999,135,0.974358974,0.981981982,0.981981982,1,2.963963964,0.981981982,1,2.963963964
1999,145,0.316239316,-0.192432432,-0.192432432,1,0.615135136,-0.192432432,1,0.615135136
1999,155,0.971509972,-0.250096525,-0.250096525,1,0.49980695,-0.250096525,1,0.49980695
1999,156,0,0.157747748,0.157747748,1,1.315495496,0.157747748,1,1.315495496
1999,158,0,-0.001806685,-0.001806685,1,0.99638663,-0.001806685,1,0.99638663
1999,159,0,0.97972973,0.97972973,1,2.95945946,-0.281853282,-0.4,0.297876448
1999,189,0.98005698,-0.198558559,-0.198558559,1,0.602882882,-0.198558559,1,0.602882882
1999,193,0,-0.600540541,-0.600540541,1,-0.201081082,0.991891892,-0.6,-0.208648649
1999,131,0.971509972,0.003243243,-0.2,-0.2,-0.396756757,0.003243243,1,1.006486486
1999,197,0,0.993130631,0.993130631,1,2.986261262,0.993130631,1,2.986261262
1999,128,1,1,1,1,3,0,0,1
1999,137,0.316239316,0.855019305,0.855019305,1,2.71003861,0.855019305,1,2.71003861
1999,138,0.316239316,0.992972973,0.992972973,1,2.985945946,0.204324324,0.2,1.397297297
1999,144,0.316239316,-0.405585586,-0.405585586,1,0.188828828,-0.414099099,-0.2,-1.019684685
1999,157,0,0.995675676,0.995675676,1,2.991351352,0.995675676,1,2.991351352
1999,160,0,0.801086957,-0.186956522,-0.2,0.414130435,0.801086957,1,2.602173914
1999,192,0,0.422027027,0.422027027,1,1.844054054,0.422027027,1,1.844054054
1999,225,0,0.996396396,-0.32972973,-0.333333333,0.333333333,-0.32972973,-0.333333333,0.333333333
1999,190,0,0.981481481,0.981481481,1,2.962962962,0.981481481,1,2.962962962
1999,226,1,0.745720721,0.745720721,1,2.491441442,0.745720721,1,2.491441442
1999,227,0,-0.201081081,-0.201081081,1,0.597837838,-0.201081081,1,0.597837838
2000,133,0.981042654,0.984202212,0.984202212,1,2.968404424,0.984202212,1,2.968404424
2000,135,0.981042654,0.97764613,0.97764613,1,2.95529226,0.97764613,1,2.95529226
2000,145,0.44549763,-0.198578199,-0.198578199,1,0.602843602,-0.198578199,1,0.602843602
2000,155,0.981042654,-0.250170068,-0.250170068,1,0.499659864,-0.250170068,1,0.499659864
2000,156,0,0.160570071,0.160570071,1,1.321140142,0.160570071,1,1.321140142
2000,158,0,0.007917656,0.007917656,1,1.015835312,0.007917656,1,1.015835312
2000,159,0,0.996437055,0.996437055,1,2.99287411,-0.285035629,-0.4,0.311401426
2000,189,0.99047619,-0.191448931,-0.191448931,1,0.617102138,-0.191448931,1,0.617102138
2000,193,0,-0.600158353,-0.600158353,1,-0.200316706,0.99722882,-0.6,-0.202929533
2000,131,0.981042654,0.002527646,-0.198894155,-0.2,-0.396366509,0.002527646,1,1.005055292
2000,197,0,0.987133808,0.987133808,1,2.974267616,0.987133808,1,2.974267616
2000,128,1,0.987677725,0.987677725,1,2.97535545,0.00221169,0,0.989889415
2000,137,0.44549763,0.9640826,0.9640826,1,2.9281652,0.9640826,1,2.9281652
2000,138,0.44549763,0.998104265,0.998104265,1,2.99620853,0.201895735,0.2,1.4
2000,144,0.44549763,-0.309636651,-0.309636651,1,0.380726698,-0.32314376,-0.2,-0.832780411
2000,157,0,0.97719715,0.97719715,1,2.9543943,0.97719715,1,2.9543943
2000,160,0,0.996832937,-0.199841647,-0.2,0.59699129,0.996832937,1,2.993665874
2000,192,0,0.968052257,0.968052257,1,2.936104514,0.968052257,1,2.936104514
2000,225,0,0.83847981,-0.171813143,-0.333333333,0.333333334,-0.171813143,-0.333333333,0.333333334
2000,190,0,0.985352336,0.985352336,1,2.970704672,0.985352336,1,2.970704672
2000,226,0.997530864,0.752579365,0.752579365,1,2.50515873,0.752579365,1,2.50515873
2000,227,0,-0.204433888,-0.204433888,1,0.591132224,-0.204433888,1,0.591132224
1980,133,0,0,0,1,1,0,1,1
1980,135,0,-0.333333333,-0.333333333,1,0.333333334,-0.333333333,1,0.333333334
1980,145,0,-0.043478261,-0.043478261,1,0.913043478,-0.043478261,1,0.913043478
1980,155,0,-0.229813665,-0.229813665,1,0.54037267,-0.229813665,1,0.54037267
1980,156,0,-0.039130435,-0.039130435,1,0.92173913,-0.039130435,1,0.92173913
1980,158,0,-0.166666667,-0.166666667,1,0.666666666,-0.166666667,1,0.666666666
1980,159,0,-0.4,-0.4,1,0.2,1,-0.4,0.2
1980,189,1,1,1,1,3,1,1,3
1980,193,0,-0.672727273,-0.672727273,1,-0.345454546,-0.009090909,-0.6,-1.281818182
1980,131,0,1,-0.2,-0.2,0.6,1,1,3
1980,197,0,0.166666667,0.166666667,1,1.333333334,0.166666667,1,1.333333334
1980,128,1,1,1,1,3,0,0,1
1980,137,0,-0.229813665,-0.229813665,1,0.54037267,-0.229813665,1,0.54037267
1980,138,0,0.956521739,0.956521739,1,2.913043478,0.2,0.2,1.356521739
1980,144,0,-0.166666667,-0.166666667,1,0.666666666,-0.166666667,-0.2,-0.533333334
1980,157,0,-0.6,-0.6,1,-0.2,-0.6,1,-0.2
1980,160,0,0.947826087,-0.147826087,-0.2,0.6,0.947826087,1,2.895652174
1980,192,0,-0.2,-0.2,1,0.6,-0.2,1,0.6
1980,225,0,1,-0.333333333,-0.333333333,0.333333334,-0.333333333,-0.333333333,0.333333334
1980,190,0,0.166666667,0.166666667,1,1.333333334,0.166666667,1,1.333333334
1980,226,1,0.25,0.25,1,1.5,0.25,1,1.5
1980,227,0,-0.2,-0.2,1,0.6,-0.2,1,0.6
1977,133,0,1,1,1,3,1,1,3
1977,135,0,-0.333333333,-0.333333333,1,0.333333334,-0.333333333,1,0.333333334
1977,145,0,0.028571429,0.028571429,1,1.057142858,0.028571429,1,1.057142858
1977,155,0,-0.224489796,-0.224489796,1,0.551020408,-0.224489796,1,0.551020408
1977,156,0,-0.2,-0.2,1,0.6,-0.2,1,0.6
1977,158,0,-0.166666667,-0.166666667,1,0.666666666,-0.166666667,1,0.666666666
1977,159,0,-0.4,-0.4,1,0.2,1,-0.4,0.2
1977,189,1,0.96031746,0.96031746,1,2.92063492,0.96031746,1,2.92063492
1977,193,0,-0.66984127,-0.66984127,1,-0.33968254,-0.033333333,-0.6,-1.303174603
1977,131,0,1,-0.2,-0.2,0.6,1,1,3
1977,197,0,1,1,1,3,1,1,3
1977,128,1,1,1,1,3,0,0,1
1977,137,0,0.167800454,0.167800454,1,1.335600908,0.167800454,1,1.335600908
1977,138,0,1,1,1,3,0.2,0.2,1.4
1977,144,0,-0.166666667,-0.166666667,1,0.666666666,-0.174603175,-0.2,-0.541269842
1977,157,0,-0.6,-0.6,1,-0.2,-0.6,1,-0.2
1977,160,0,-0.2,1,-0.2,0.6,-0.2,1,0.6
1977,192,0,-0.2,-0.2,1,0.6,-0.2,1,0.6
1977,225,0,1,-0.333333333,-0.333333333,0.333333334,-0.333333333,-0.333333333,0.333333334
1977,190,0,0.166666667,0.166666667,1,1.333333334,0.166666667,1,1.333333334
1977,226,1,0.25,0.25,1,1.5,0.25,1,1.5
1977,227,0,-0.2,-0.2,1,0.6,-0.2,1,0.6
2001,133,0.996904025,0.997420021,0.997420021,1,2.994840042,0.997420021,1,2.994840042
2001,135,1,1,1,1,3,1,1,3
2001,145,0.66873065,-0.2,-0.2,1,0.6,-0.2,1,0.6
2001,155,0.996904025,-0.242370632,-0.242370632,1,0.515258736,-0.242370632,1,0.515258736
2001,156,0,0.179566563,0.179566563,1,1.359133126,0.179566563,1,1.359133126
2001,158,0,0.002063983,0.002063983,1,1.004127966,0.002063983,1,1.004127966
2001,159,0,0.985552116,0.985552116,1,2.971104232,-0.283576589,-0.4,0.301975527
2001,189,0.984520124,-0.196491228,-0.196491228,1,0.607017544,-0.196491228,1,0.607017544
2001,193,0,-0.600619195,-0.600619195,1,-0.20123839,0.990712074,-0.6,-0.209907121
2001,131,0.996904025,0.029411765,-0.195356037,-0.2,-0.365944272,0.029411765,1,1.05882353
2001,197,0,0.994582043,0.994582043,1,2.989164086,0.994582043,1,2.989164086
2001,128,1,0.996904025,0.996904025,1,2.99380805,0.003095975,0,1
2001,137,0.66873065,1,1,1,3,1,1,3
2001,138,0.66873065,1,1,1,3,0.2,0.2,1.4
2001,144,0.66873065,-0.072652219,-0.072652219,1,0.854695562,-0.072652219,-0.2,-0.345304438
2001,157,0,0.99504644,0.99504644,1,2.99009288,0.99504644,1,2.99009288
2001,160,0,0.997936017,-0.199896801,-0.2,0.598039216,0.997936017,1,2.995872034
2001,192,0,0.99628483,0.99628483,1,2.99256966,0.99628483,1,2.99256966
2001,225,0,0.607843137,0.058823529,-0.333333333,0.333333333,0.058823529,-0.333333333,0.333333333
2001,190,0,0.99380805,0.99380805,1,2.9876161,0.99380805,1,2.9876161
2001,226,1,0.757009346,0.757009346,1,2.514018692,0.757009346,1,2.514018692
2001,227,0,-0.188854489,-0.188854489,1,0.622291022,-0.188854489,1,0.622291022
1969,133,0,1,1,1,3,1,1,3
1969,135,0,-0.333333333,-0.333333333,1,0.333333334,-0.333333333,1,0.333333334
1969,145,0,0.902777778,0.902777778,1,2.805555556,0.902777778,1,2.805555556
1969,155,0,1,1,1,3,1,1,3
1969,156,0,-0.2,-0.2,1,0.6,-0.2,1,0.6
1969,158,0,-0.166666667,-0.166666667,1,0.666666666,-0.166666667,1,0.666666666
1969,159,0,-0.4,-0.4,1,0.2,1,-0.4,0.2
1969,189,1,0.166666667,0.166666667,1,1.333333334,0.166666667,1,1.333333334
1969,193,0,-0.6,-0.6,1,-0.2,1,-0.6,-0.2
1969,131,0,1,-0.2,-0.2,0.6,1,1,3
1969,197,0,1,1,1,3,1,1,3
1969,128,1,1,1,1,3,0,0,1
1969,137,0,0,0,1,1,0,1,1
1969,138,0,1,1,1,3,0.2,0.2,1.4
1969,144,0,-0.166666667,-0.166666667,1,0.666666666,-0.319444444,-0.2,-0.686111111
1969,157,0,-0.6,-0.6,1,-0.2,-0.6,1,-0.2
1969,160,0,-0.2,1,-0.2,0.6,-0.2,1,0.6
1969,192,0,-0.2,-0.2,1,0.6,-0.2,1,0.6
1969,225,0,1,-0.333333333,-0.333333333,0.333333334,-0.333333333,-0.333333333,0.333333334
1969,190,0,0.166666667,0.166666667,1,1.333333334,0.166666667,1,1.333333334
1969,226,1,0.25,0.25,1,1.5,0.25,1,1.5
1969,227,0,-0.2,-0.2,1,0.6,-0.2,1,0.6
1970,133,0,0.9,0.9,1,2.8,0.9,1,2.8
1970,135,0,-0.333333333,-0.333333333,1,0.333333334,-0.333333333,1,0.333333334
1970,145,0,0.9,0.9,1,2.8,0.9,1,2.8
1970,155,0,0.875,0.875,1,2.75,0.875,1,2.75
1970,156,0,-0.2,-0.2,1,0.6,-0.2,1,0.6
1970,158,0,-0.166666667,-0.166666667,1,0.666666666,-0.166666667,1,0.666666666
1970,159,0,-0.26,-0.26,1,0.48,0.871428571,-0.4,0.211428571
1970,189,1,0.25,0.25,1,1.5,0.25,1,1.5
1970,193,0,-0.606666667,-0.606666667,1,-0.213333334,0.9,-0.6,-0.306666667
1970,131,0,1,-0.2,-0.2,0.6,1,1,3
1970,197,0,0.916666667,0.916666667,1,2.833333334,0.916666667,1,2.833333334
1970,128,1,1,1,1,3,0,0,1
1970,137,0,-0.028571429,-0.028571429,1,0.942857142,-0.028571429,1,0.942857142
1970,138,0,1,1,1,3,0.2,0.2,1.4
1970,144,0,-0.2,-0.2,1,0.6,-0.375,-0.2,-0.775
1970,157,0,-0.6,-0.6,1,-0.2,-0.6,1,-0.2
1970,160,0,-0.08,0.88,-0.2,0.6,-0.08,1,0.84
1970,192,0,-0.2,-0.2,1,0.6,-0.2,1,0.6
1970,225,0,1,-0.333333333,-0.333333333,0.333333334,-0.333333333,-0.333333333,0.333333334
1970,190,0,0.166666667,0.166666667,1,1.333333334,0.166666667,1,1.333333334
1970,226,1,0.1,0.1,1,1.2,0.1,1,1.2
1970,227,0,-0.2,-0.2,1,0.6,-0.2,1,0.6
1971,133,0,1,1,1,3,1,1,3
1971,135,0,-0.333333333,-0.333333333,1,0.333333334,-0.333333333,1,0.333333334
1971,145,0,0.786666667,0.786666667,1,2.573333334,0.786666667,1,2.573333334
1971,155,0,1,1,1,3,1,1,3
1971,156,0,-0.2,-0.2,1,0.6,-0.2,1,0.6
1971,158,0,-0.166666667,-0.166666667,1,0.666666666,-0.166666667,1,0.666666666
1971,159,0,-0.426666667,-0.426666667,1,0.146666666,0.7,-0.4,-0.126666667
1971,189,1,0.166666667,0.166666667,1,1.333333334,0.166666667,1,1.333333334
1971,193,0,-0.608888889,-0.608888889,1,-0.217777778,0.866666667,-0.6,-0.342222222
1971,131,0,1,-0.2,-0.2,0.6,1,1,3
1971,197,0,1,1,1,3,1,1,3
1971,128,1,0.933333333,0.933333333,1,2.866666666,-0.022222222,0,0.911111111
1971,137,0,0.093333333,0.093333333,1,1.186666666,0.093333333,1,1.186666666
1971,138,0,1,1,1,3,0.2,0.2,1.4
1971,144,0,-0.166666667,-0.166666667,1,0.666666666,-0.3,-0.2,-0.666666667
1971,157,0,-0.6,-0.6,1,-0.2,-0.6,1,-0.2
1971,160,0,-0.2,1,-0.2,0.6,-0.2,1,0.6
1971,192,0,-0.2,-0.2,1,0.6,-0.2,1,0.6
1971,225,0,1,-0.333333333,-0.333333333,0.333333334,-0.333333333,-0.333333333,0.333333334
1971,190,0,0.166666667,0.166666667,1,1.333333334,0.166666667,1,1.333333334
1971,226,1,0.2,0.2,1,1.4,0.2,1,1.4
1971,227,0,-0.2,-0.2,1,0.6,-0.2,1,0.6
1974,133,0,1,1,1,3,1,1,3
1974,135,0,-0.333333333,-0.333333333,1,0.333333334,-0.333333333,1,0.333333334
1974,145,0,0.545061728,0.545061728,1,2.090123456,0.545061728,1,2.090123456
1974,155,0,-0.285714286,-0.285714286,1,0.428571428,-0.285714286,1,0.428571428
1974,156,0,-0.2,-0.2,1,0.6,-0.2,1,0.6
1974,158,0,-0.166666667,-0.166666667,1,0.666666666,-0.166666667,1,0.666666666
1974,159,0,-0.411111111,-0.411111111,1,0.177777778,0.844444444,-0.4,0.033333333
1974,189,1,0.166666667,0.166666667,1,1.333333334,0.166666667,1,1.333333334
1974,193,0,-0.659259259,-0.659259259,1,-0.318518518,0.111111111,-0.6,-1.148148148
1974,131,0,1,-0.2,-0.2,0.6,1,1,3
1974,197,0,1,1,1,3,1,1,3
1974,128,1,0.944444444,0.944444444,1,2.888888888,0.055555556,0,1
1974,137,0,0.055555556,0.055555556,1,1.111111112,0.055555556,1,1.111111112
1974,138,0,1,1,1,3,0.2,0.2,1.4
1974,144,0,-0.157407407,-0.157407407,1,0.685185186,-0.157407407,-0.2,-0.514814814
1974,157,0,-0.6,-0.6,1,-0.2,-0.6,1,-0.2
1974,160,0,-0.2,1,-0.2,0.6,-0.2,1,0.6
1974,192,0,-0.2,-0.2,1,0.6,-0.2,1,0.6
1974,225,0,1,-0.333333333,-0.333333333,0.333333334,-0.333333333,-0.333333333,0.333333334
1974,190,0,0.212962963,0.212962963,1,1.425925926,0.212962963,1,1.425925926
1974,226,1,0.240740741,0.240740741,1,1.481481482,0.240740741,1,1.481481482
1974,227,0,-0.2,-0.2,1,0.6,-0.2,1,0.6
1976,133,0,1,1,1,3,1,1,3
1976,135,0,-0.333333333,-0.333333333,1,0.333333334,-0.333333333,1,0.333333334
1976,145,0,-0.006410256,-0.006410256,1,0.987179488,-0.006410256,1,0.987179488
1976,155,0,-0.285714286,-0.285714286,1,0.428571428,-0.285714286,1,0.428571428
1976,156,0,-0.2,-0.2,1,0.6,-0.2,1,0.6
1976,158,0,-0.166666667,-0.166666667,1,0.666666666,-0.166666667,1,0.666666666
1976,159,0,-0.403846154,-0.403846154,1,0.192307692,0.961538462,-0.4,0.157692308
1976,189,0.923076923,0.967948718,0.967948718,1,2.935897436,0.967948718,1,2.935897436
1976,193,0,-0.664102564,-0.664102564,1,-0.328205128,-0.096153846,-0.6,-1.36025641
1976,131,0,1,-0.2,-0.2,0.6,1,1,3
1976,197,0,1,1,1,3,1,1,3
1976,128,1,1,1,1,3,0,0,1
1976,137,0,0.673992674,0.673992674,1,2.347985348,0.673992674,1,2.347985348
1976,138,0,0.969230769,0.969230769,1,2.938461538,0.230769231,0.2,1.4
1976,144,0,-0.166666667,-0.166666667,1,0.666666666,-0.166666667,-0.2,-0.533333334
1976,157,0,-0.6,-0.6,1,-0.2,-0.6,1,-0.2
1976,160,0,-0.2,1,-0.2,0.6,-0.2,1,0.6
1976,192,0,-0.2,-0.2,1,0.6,-0.2,1,0.6
1976,225,0,1,-0.333333333,-0.333333333,0.333333334,-0.333333333,-0.333333333,0.333333334
1976,190,0,0.198717949,0.198717949,1,1.397435898,0.198717949,1,1.397435898
1976,226,1,0.25,0.25,1,1.5,0.25,1,1.5
1976,227,0,-0.2,-0.2,1,0.6,-0.2,1,0.6
1981,133,0,-0.009259259,-0.009259259,1,0.981481482,-0.009259259,1,0.981481482
1981,135,0,-0.333333333,-0.333333333,1,0.333333334,-0.333333333,1,0.333333334
1981,145,0,-0.044444444,-0.044444444,1,0.911111112,-0.044444444,1,0.911111112
1981,155,0,-0.285714286,-0.285714286,1,0.428571428,-0.285714286,1,0.428571428
1981,156,0,-0.061111111,-0.061111111,1,0.877777778,-0.061111111,1,0.877777778
1981,158,0,-0.166666667,-0.166666667,1,0.666666666,-0.166666667,1,0.666666666
1981,159,0,-0.4,-0.4,1,0.2,1,-0.4,0.2
1981,189,0.944444444,1,1,1,3,1,1,3
1981,193,0,-0.666666667,-0.666666667,1,-0.333333334,0,-0.6,-1.266666667
1981,131,0,1,-0.2,-0.2,0.6,1,1,3
1981,197,0,0.166666667,0.166666667,1,1.333333334,0.166666667,1,1.333333334
1981,128,1,1,1,1,3,0,0,1
1981,137,0,-0.285714286,-0.285714286,1,0.428571428,-0.285714286,1,0.428571428
1981,138,0,0.9,0.9,1,2.8,0.244444444,0.2,1.344444444
1981,144,0,-0.166666667,-0.166666667,1,0.666666666,-0.175925926,-0.2,-0.542592593
1981,157,0,-0.6,-0.6,1,-0.2,-0.6,1,-0.2
1981,160,0,1,-0.2,-0.2,0.6,1,1,3
1981,192,0,-0.2,-0.2,1,0.6,-0.2,1,0.6
1981,225,0,1,-0.333333333,-0.333333333,0.333333334,-0.333333333,-0.333333333,0.333333334
1981,190,0,0.166666667,0.166666667,1,1.333333334,0.166666667,1,1.333333334
1981,226,1,0.208333333,0.208333333,1,1.416666666,0.208333333,1,1.416666666
1981,227,0,-0.2,-0.2,1,0.6,-0.2,1,0.6
1982,133,0,0.032258065,0.032258065,1,1.06451613,0.032258065,1,1.06451613
1982,135,0.129032258,-0.333333333,-0.333333333,1,0.333333334,-0.333333333,1,0.333333334
1982,145,0.129032258,-0.052222222,-0.052222222,1,0.895555556,-0.052222222,1,0.895555556
1982,155,0,-0.285714286,-0.285714286,1,0.428571428,-0.285714286,1,0.428571428
1982,156,0,-0.058064516,-0.058064516,1,0.883870968,-0.058064516,1,0.883870968
1982,158,0,-0.166666667,-0.166666667,1,0.666666666,-0.166666667,1,0.666666666
1982,159,0,-0.4,-0.4,1,0.2,1,-0.4,0.2
1982,189,1,1,1,1,3,1,1,3
1982,193,0,-0.679569892,-0.679569892,1,-0.359139784,-0.024731183,-0.6,-1.304301075
1982,131,0,1,-0.2,-0.2,0.6,1,1,3
1982,197,0,0.194444444,0.194444444,1,1.388888888,0.194444444,1,1.388888888
1982,128,1,1,1,1,3,0,0,1
1982,137,0.129032258,-0.117767537,-0.117767537,1,0.764464926,-0.117767537,1,0.764464926
1982,138,0.129032258,0.84,0.84,1,2.68,0.226666667,0.2,1.266666667
1982,144,0.129032258,-0.14516129,-0.14516129,1,0.70967742,-0.166666667,-0.2,-0.511827957
1982,157,0,-0.6,-0.6,1,-0.2,-0.6,1,-0.2
1982,160,0,0.961290323,-0.161290323,-0.2,0.6,0.961290323,1,2.922580646
1982,192,0,-0.2,-0.2,1,0.6,-0.2,1,0.6
1982,225,0,1,-0.333333333,-0.333333333,0.333333334,-0.333333333,-0.333333333,0.333333334
1982,190,0,0.166666667,0.166666667,1,1.333333334,0.166666667,1,1.333333334
1982,226,1,0.25,0.25,1,1.5,0.25,1,1.5
1982,227,0,-0.2,-0.2,1,0.6,-0.2,1,0.6
1975,133,0,1,1,1,3,1,1,3
1975,135,0,-0.333333333,-0.333333333,1,0.333333334,-0.333333333,1,0.333333334
1975,145,0,0.282539683,0.282539683,1,1.565079366,0.282539683,1,1.565079366
1975,155,0,-0.285714286,-0.285714286,1,0.428571428,-0.285714286,1,0.428571428
1975,156,0,-0.182539683,-0.182539683,1,0.634920634,-0.182539683,1,0.634920634
1975,158,0,-0.166666667,-0.166666667,1,0.666666666,-0.166666667,1,0.666666666
1975,159,0,-0.419047619,-0.419047619,1,0.161904762,0.80952381,-0.4,-0.009523809
1975,189,1,0.571428571,0.571428571,1,2.142857142,0.571428571,1,2.142857142
1975,193,0,-0.66031746,-0.66031746,1,-0.32063492,0.125396825,-0.6,-1.134920635
1975,131,0,1,-0.2,-0.2,0.6,1,1,3
1975,197,0,1,1,1,3,1,1,3
1975,128,1,0.942857143,0.942857143,1,2.885714286,-0.019047619,0,0.923809524
1975,137,0,0.224489796,0.224489796,1,1.448979592,0.224489796,1,1.448979592
1975,138,0,1,1,1,3,0.2,0.2,1.4
1975,144,0,-0.166666667,-0.166666667,1,0.666666666,-0.166666667,-0.2,-0.533333334
1975,157,0,-0.523809524,-0.523809524,1,-0.047619048,-0.523809524,1,-0.047619048
1975,160,0,-0.2,0.961904762,-0.2,0.561904762,-0.2,1,0.6
1975,192,0,-0.2,-0.2,1,0.6,-0.2,1,0.6
1975,225,0,1,-0.333333333,-0.333333333,0.333333334,-0.333333333,-0.333333333,0.333333334
1975,190,0,0.325396825,0.325396825,1,1.65079365,0.325396825,1,1.65079365
1975,226,1,0.25,0.25,1,1.5,0.25,1,1.5
1975,227,0,-0.2,-0.2,1,0.6,-0.2,1,0.6
1978,133,0,0.796296296,0.796296296,1,2.592592592,0.796296296,1,2.592592592
1978,135,0,-0.333333333,-0.333333333,1,0.333333334,-0.333333333,1,0.333333334
1978,145,0,0,0,1,1,0,1,1
1978,155,0,-0.285714286,-0.285714286,1,0.428571428,-0.285714286,1,0.428571428
1978,156,0,-0.111111111,-0.111111111,1,0.777777778,-0.111111111,1,0.777777778
1978,158,0,-0.166666667,-0.166666667,1,0.666666666,-0.166666667,1,0.666666666
1978,159,0,-0.4,-0.4,1,0.2,1,-0.4,0.2
1978,189,1,1,1,1,3,1,1,3
1978,193,0,-0.666666667,-0.666666667,1,-0.333333334,0,-0.6,-1.266666667
1978,131,0,1,-0.2,-0.2,0.6,1,1,3
1978,197,0,0.907407407,0.907407407,1,2.814814814,0.907407407,1,2.814814814
1978,128,1,1,1,1,3,0,0,1
1978,137,0,-0.285714286,-0.285714286,1,0.428571428,-0.285714286,1,0.428571428
1978,138,0,1,1,1,3,0.2,0.2,1.4
1978,144,0,-0.166666667,-0.166666667,1,0.666666666,-0.166666667,-0.2,-0.533333334
1978,157,0,-0.6,-0.6,1,-0.2,-0.6,1,-0.2
1978,160,0,0.333333333,0.466666667,-0.2,0.6,0.333333333,1,1.666666666
1978,192,0,-0.2,-0.2,1,0.6,-0.2,1,0.6
1978,225,0,1,-0.333333333,-0.333333333,0.333333334,-0.333333333,-0.333333333,0.333333334
1978,190,0,0.166666667,0.166666667,1,1.333333334,0.166666667,1,1.333333334
1978,226,1,0.25,0.25,1,1.5,0.25,1,1.5
1978,227,0,-0.2,-0.2,1,0.6,-0.2,1,0.6
2007,133,0.997463217,0.999093755,0.999093755,1,2.99818751,0.999093755,1,2.99818751
2007,135,0.999493158,0.99812253,0.99812253,1,2.99624506,0.99812253,1,2.99624506
2007,145,0.790167258,7.41E-05,7.41E-05,1,1.0001482,7.41E-05,1,1.0001482
2007,155,0.997463217,0.998889437,0.998889437,1,2.997778874,0.998889437,1,2.997778874
2007,156,0,0.979598552,0.979598552,1,2.959197104,0.979598552,1,2.959197104
2007,158,0,-0.004115226,-0.004115226,1,0.991769548,-0.004115226,1,0.991769548
2007,159,0,0.500049383,0.500049383,1,2.000098766,-0.499047619,-0.4,-0.398998236
2007,189,0.998478702,0.000956149,0.000956149,1,1.001912298,0.000956149,1,1.001912298
2007,193,0,0.989680185,0.989680185,1,2.97936037,-0.490850643,-0.6,-0.101170458
2007,131,0.997463217,0.999505929,-0.2,-0.2,0.599505929,0.999505929,1,2.999011858
2007,197,0,0.999604352,0.999604352,1,2.999208704,0.999604352,1,2.999208704
2007,128,1,0.953754941,0.953754941,1,2.907509882,0.036264822,0,0.990019763
2007,137,0.790167258,0.999364766,0.999364766,1,2.998729532,0.999364766,1,2.998729532
2007,138,0.790167258,0.967761194,0.967761194,1,2.935522388,0.232238806,0.2,1.4
2007,144,0.790167258,-0.031851852,-0.031851852,1,0.936296296,-0.023168724,-0.2,-0.255020576
2007,157,0,0.783613031,0.783613031,1,2.567226062,0.783613031,1,2.567226062
2007,160,0,0.999177361,-0.199884831,-0.2,0.59929253,0.999177361,1,2.998354722
2007,192,0,0.988748764,0.988748764,1,2.977497528,0.988748764,1,2.977497528
2007,225,0,-0.171273137,0.192471236,-0.333333333,-0.312135234,0.192471236,-0.333333333,-0.312135234
2007,190,0,0.998762989,0.998762989,1,2.997525978,0.998762989,1,2.997525978
2007,226,0.997960224,0.993072736,0.993072736,1,2.986145472,0.993072736,1,2.986145472
2007,227,0,0.998540327,0.998540327,1,2.997080654,0.998540327,1,2.997080654
1987,133,0,0.024509804,0.024509804,1,1.049019608,0.024509804,1,1.049019608
1987,135,0,-0.333333333,-0.333333333,1,0.333333334,-0.333333333,1,0.333333334
1987,145,0,0.011764706,0.011764706,1,1.023529412,0.011764706,1,1.023529412
1987,155,0,-0.253151261,-0.253151261,1,0.493697478,-0.253151261,1,0.493697478
1987,156,0,-0.094117647,-0.094117647,1,0.811764706,-0.094117647,1,0.811764706
1987,158,0,-0.166666667,-0.166666667,1,0.666666666,-0.166666667,1,0.666666666
1987,159,0,0.765196078,0.765196078,1,2.530392156,-0.220996732,-0.4,0.144199346
1987,189,1,0.37254902,0.37254902,1,1.74509804,0.37254902,1,1.74509804
1987,193,0,-0.68627451,-0.68627451,1,-0.37254902,-0.029411765,-0.6,-1.315686275
1987,131,0,1,-0.2,-0.2,0.6,1,1,3
1987,197,0,0.166666667,0.166666667,1,1.333333334,0.166666667,1,1.333333334
1987,128,1,0.929411765,0.929411765,1,2.85882353,-0.023529412,0,0.905882353
1987,137,0,-0.275385154,-0.275385154,1,0.449229692,-0.275385154,1,0.449229692
1987,138,0,0.870588235,0.870588235,1,2.74117647,0.270588235,0.2,1.34117647
1987,144,0,-0.490196078,-0.490196078,1,0.019607844,-0.732843137,-0.2,-1.423039215
1987,157,0,-0.6,-0.6,1,-0.2,-0.6,1,-0.2
1987,160,0,1,-0.2,-0.2,0.6,1,1,3
1987,192,0,-0.2,-0.2,1,0.6,-0.2,1,0.6
1987,225,0,1,-0.333333333,-0.333333333,0.333333334,-0.333333333,-0.333333333,0.333333334
1987,190,0,0.166666667,0.166666667,1,1.333333334,0.166666667,1,1.333333334
1987,226,1,0.25,0.25,1,1.5,0.25,1,1.5
1987,227,0,-0.2,-0.2,1,0.6,-0.2,1,0.6
2008,133,0.972034716,0.998234633,0.998234633,1,2.996469266,0.998234633,1,2.996469266
2008,135,0.973481196,0.964211202,0.964211202,1,2.928422404,0.964211202,1,2.928422404
2008,145,0.947444552,0.038301978,0.038301978,1,1.076603956,0.038301978,1,1.076603956
2008,155,0.972034716,1,1,1,3,1,1,3
2008,156,0,0.964079074,0.964079074,1,2.928158148,0.964079074,1,2.928158148
2008,158,0,-0.014122934,-0.014122934,1,0.971754132,-0.014122934,1,0.971754132
2008,159,0,0.475172524,0.475172524,1,1.950345048,-0.459396566,-0.4,-0.384224042
2008,189,0.997105644,0.004526552,0.004526552,1,1.009053104,0.004526552,1,1.009053104
2008,193,0,0.956238004,0.956238004,1,2.912476008,-0.459357006,-0.6,-0.103119002
2008,131,0.972034716,0.996629754,-0.199325951,-0.2,0.597303803,0.996629754,1,2.993259508
2008,197,0,0.998240563,0.998240563,1,2.996481126,0.998240563,1,2.996481126
2008,128,0.998072289,0.990515166,0.990515166,1,2.981030332,0.004100465,0,0.994615631
2008,137,0.947444552,0.973134328,0.973134328,1,2.946268656,0.973134328,1,2.946268656
2008,138,0.947444552,0.986828087,0.986828087,1,2.973656174,0.213171913,0.2,1.4
2008,144,0.947444552,0.013834056,0.013834056,1,1.027668112,-0.012036591,-0.2,-0.198202535
2008,157,0,0.613095811,0.613095811,1,2.226191622,0.613095811,1,2.226191622
2008,160,0,0.966578398,-0.168255497,-0.2,0.598322901,0.966578398,1,2.933156796
2008,192,0,0.964107486,0.964107486,1,2.928214972,0.964107486,1,2.928214972
2008,225,0,-0.138915779,0.174088416,-0.333333333,-0.298160696,0.174088416,-0.333333333,-0.298160696
2008,190,0,0.978007038,0.978007038,1,2.956014076,0.978007038,1,2.956014076
2008,226,1,0.979366603,0.979366603,1,2.958733206,0.979366603,1,2.958733206
2008,227,0,0.967114523,0.967114523,1,2.934229046,0.967114523,1,2.934229046
2009,133,0.97323818,0.972344807,0.972344807,1,2.944689614,0.972344807,1,2.944689614
2009,135,0.973695943,0.991798942,0.991798942,1,2.983597884,0.991798942,1,2.983597884
2009,145,0.569772626,0.002117336,0.002117336,1,1.004234672,0.002117336,1,1.004234672
2009,155,0.97323818,0.992173721,0.992173721,1,2.984347442,0.992173721,1,2.984347442
2009,156,0,0.989280988,0.989280988,1,2.978561976,0.989280988,1,2.978561976
2009,158,0,0.559035436,0.559035436,1,2.118070872,0.559035436,1,2.118070872
2009,159,0,0.472003538,0.472003538,1,1.944007076,-0.454539711,-0.4,-0.382536173
2009,189,0.998659517,0.563541206,0.563541206,1,2.127082412,0.563541206,1,2.127082412
2009,193,0,0.981890459,0.981890459,1,2.963780918,-0.485512367,-0.6,-0.103621908
2009,131,0.97323818,0.992305996,-0.199614198,-0.2,0.592691798,0.992305996,1,2.984611992
2009,197,0,0.993816254,0.993816254,1,2.987632508,0.993816254,1,2.987632508
2009,128,1,0.989638448,0.989638448,1,2.979276896,0.001286008,0,0.990924456
2009,137,0.569772626,0.993361048,0.993361048,1,2.986722096,0.993361048,1,2.986722096
2009,138,0.569772626,0.988031915,0.988031915,1,2.97606383,0.210638298,0.2,1.398670213
2009,144,0.569772626,-0.076856345,-0.076856345,1,0.84628731,0.416372592,-0.2,0.139516247
2009,157,0,0.884516983,0.884516983,1,2.769033966,0.884516983,1,2.769033966
2009,160,0,0.992001176,-0.197500368,-0.2,0.594500808,0.992001176,1,2.984002352
2009,192,0,0.980116313,0.980116313,1,2.960232626,0.980116313,1,2.960232626
2009,225,0,-0.175111111,0.20637037,-0.333333333,-0.302074074,0.20637037,-0.333333333,-0.302074074
2009,190,0,0.998716411,0.998716411,1,2.997432822,0.998716411,1,2.997432822
2009,226,0.999551771,0.990282686,0.990282686,1,2.980565372,0.990282686,1,2.980565372
2009,227,0,0.987890165,0.987890165,1,2.97578033,0.987890165,1,2.97578033
2010,133,0.977673936,0.983566857,0.983566857,1,2.967133714,0.983566857,1,2.967133714
2010,135,0.979750779,0.993149974,0.993149974,1,2.986299948,0.993149974,1,2.986299948
2010,145,0.825545171,0.017662338,0.017662338,1,1.035324676,0.017662338,1,1.035324676
2010,155,0.977673936,0.993327897,0.993327897,1,2.986655794,0.993327897,1,2.986655794
2010,156,0,0.993160173,0.993160173,1,2.986320346,0.993160173,1,2.986320346
2010,158,0,0.994291645,0.994291645,1,2.98858329,0.994291645,1,2.98858329
2010,159,0,0.50389206,0.50389206,1,2.00778412,-0.498331974,-0.4,-0.394439914
2010,189,0.9984375,0.994255875,0.994255875,1,2.98851175,0.994255875,1,2.98851175
2010,193,0,0.985781565,0.985781565,1,2.97156313,-0.494367197,-0.6,-0.108585632
2010,131,0.977673936,0.993772704,-0.2,-0.2,0.593772704,0.993772704,1,2.987545408
2010,197,0,1,1,1,3,1,1,3
2010,128,1,0.991844156,0.991844156,1,2.983688312,0.003645022,0,0.995489178
2010,137,0.825545171,0.992912744,0.992912744,1,2.985825488,0.992912744,1,2.985825488
2010,138,0.825545171,0.993753254,0.993753254,1,2.987506508,0.206246746,0.2,1.4
2010,144,0.825545171,-0.033246843,-0.033246843,1,0.933506314,0.147958831,-0.2,-0.085288012
2010,157,0,0.987337831,0.987337831,1,2.974675662,0.987337831,1,2.974675662
2010,160,0,0.996886352,-0.199775125,-0.2,0.597111227,0.996886352,1,2.993772704
2010,192,0,0.980443864,0.980443864,1,2.960887728,0.980443864,1,2.960887728
2010,225,0,-0.163947368,0.18245614,-0.333333333,-0.314824561,0.18245614,-0.333333333,-0.314824561
2010,190,0,1,1,1,3,1,1,3
2010,226,0.998419389,0.998694517,0.998694517,1,2.997389034,0.998694517,1,2.997389034
2010,227,0,0.990861619,0.990861619,1,2.981723238,0.990861619,1,2.981723238
2011,133,0.982995951,0.985768245,0.985768245,1,2.97153649,0.985768245,1,2.97153649
2011,135,0.984210526,0.991744233,0.991744233,1,2.983488466,0.991744233,1,2.983488466
2011,145,0.866801619,0.279715815,0.279715815,1,1.55943163,0.279715815,1,1.55943163
2011,155,0.982995951,0.98919325,0.98919325,1,2.9783865,0.98919325,1,2.9783865
2011,156,0,0.98771575,0.98771575,1,2.9754315,0.98771575,1,2.9754315
2011,158,0,0.998381877,0.998381877,1,2.996763754,0.998381877,1,2.996763754
2011,159,0,0.503844597,0.503844597,1,2.007689194,-0.497976528,-0.4,-0.394131931
2011,189,0.998380567,0.998840345,0.998840345,1,2.99768069,0.998840345,1,2.99768069
2011,193,0,0.973053834,0.973053834,1,2.946107668,-0.483612253,-0.6,-0.110558419
2011,131,0.982995951,0.990772966,-0.199919061,-0.2,0.590853905,0.990772966,1,2.981545932
2011,197,0,0.997737084,0.997737084,1,2.995474168,0.997737084,1,2.995474168
2011,128,1,0.986938032,0.986938032,1,2.973876064,0.011289996,0,0.998228028
2011,137,0.866801619,0.989269816,0.989269816,1,2.978539632,0.989269816,1,2.978539632
2011,138,0.866801619,0.993482688,0.993482688,1,2.986965376,0.206517312,0.2,1.4
2011,144,0.866801619,-0.023566707,-0.023566707,1,0.952866586,0.058262512,-0.2,-0.165304195
2011,157,0,0.988349515,0.988349515,1,2.97669903,0.988349515,1,2.97669903
2011,160,0,0.999514367,-0.199838122,-0.2,0.599676245,0.999514367,1,2.999028734
2011,192,0,0.946541262,0.946541262,1,2.893082524,0.946541262,1,2.893082524
2011,225,0,-0.1592827,0.175649925,-0.333333333,-0.316966108,0.175649925,-0.333333333,-0.316966108
2011,190,0,0.999460407,0.999460407,1,2.998920814,0.999460407,1,2.998920814
2011,226,0.999586948,0.99716943,0.99716943,1,2.99433886,0.99716943,1,2.99433886
2011,227,0,0.988714786,0.988714786,1,2.977429572,0.988714786,1,2.977429572
2012,133,0.960933536,0.968653477,0.968653477,1,2.937306954,0.968653477,1,2.937306954
2012,135,0.962230672,0.969003505,0.969003505,1,2.93800701,0.969003505,1,2.93800701
2012,145,0.871164088,0.570614255,0.570614255,1,2.14122851,0.570614255,1,2.14122851
2012,155,0.960933536,0.951817889,0.951817889,1,2.903635778,0.951817889,1,2.903635778
2012,156,0,0.96157187,0.96157187,1,2.92314374,0.96157187,1,2.92314374
2012,158,0.000253485,0.997455789,0.997455789,1,2.994911578,0.997455789,1,2.994911578
2012,159,0.000253485,0.518301635,0.518301635,1,2.03660327,-0.487940321,-0.4,-0.369638686
2012,189,0.998225602,0.997731064,0.997731064,1,2.995462128,0.997731064,1,2.995462128
2012,193,0,0.934416452,0.934416452,1,2.868832904,-0.478374606,-0.6,-0.143958154
2012,131,0.960933536,0.95798698,-0.19549324,-0.2,0.56249374,0.95798698,1,2.91597396
2012,197,0,0.997006675,0.997006675,1,2.99401335,0.997006675,1,2.99401335
2012,128,0.999746515,0.87128006,0.87128006,1,2.74256012,0.106448313,0,0.977728373
2012,137,0.871164088,0.952156807,0.952156807,1,2.904313614,0.952156807,1,2.904313614
2012,138,0.871164088,0.995730789,0.995730789,1,2.991461578,0.204018081,0.2,1.39974887
2012,144,0.871164088,-0.028758567,-0.028758567,1,0.942482866,-0.037597592,-0.2,-0.266356159
2012,157,0.000253485,0.966766767,0.966766767,1,2.933533534,0.966766767,1,2.933533534
2012,160,0.000253485,0.994394394,-0.194994995,-0.2,0.599399399,0.994394394,1,2.988788788
2012,192,0,0.946471471,0.946471471,1,2.892942942,0.946471471,1,2.892942942
2012,225,0,-0.12669538,0.167544971,-0.333333333,-0.292483742,0.167544971,-0.333333333,-0.292483742
2012,190,0,0.998104542,0.998104542,1,2.996209084,0.998104542,1,2.996209084
2012,226,0.999230769,0.988664661,0.988664661,1,2.977329322,0.988664661,1,2.977329322
2012,227,0,0.953781425,0.953781425,1,2.90756285,0.953781425,1,2.90756285
2013,133,0.986671001,0.991103203,0.991103203,1,2.982206406,0.991103203,1,2.982206406
2013,135,0.989275268,0.988870916,0.988870916,1,2.977741832,0.988870916,1,2.977741832
2013,145,0.962926829,0.937301844,0.937301844,1,2.874603688,0.937301844,1,2.874603688
2013,155,0.986671001,0.983852338,0.983852338,1,2.967704676,0.983852338,1,2.967704676
2013,156,0,0.985378224,0.985378224,1,2.970756448,0.985378224,1,2.970756448
2013,158,0.005206638,0.994877602,0.994877602,1,2.989755204,0.994877602,1,2.989755204
2013,159,0.005206638,0.499870592,0.499870592,1,1.999741184,-0.484193742,-0.4,-0.38432315
2013,189,1,0.996981458,0.996981458,1,2.993962916,0.996981458,1,2.993962916
2013,193,0,0.97350767,0.97350767,1,2.94701534,-0.487211236,-0.6,-0.113703566
2013,131,0.986671001,0.986606276,-0.199223552,-0.2,0.587382724,0.986606276,1,2.973212552
2013,197,0,0.997596724,0.997596724,1,2.995193448,0.997596724,1,2.995193448
2013,128,1,0.449314329,0.449314329,1,1.898628658,0.545794191,0,0.99510852
2013,137,0.962926829,0.983783035,0.983783035,1,2.96756607,0.983783035,1,2.96756607
2013,138,0.962926829,0.987017202,0.987017202,1,2.974034404,0.212982798,0.2,1.4
2013,144,0.962926829,0.001521036,0.001521036,1,1.003042072,-0.003220065,-0.2,-0.201699029
2013,157,0.005206638,0.858214748,0.858214748,1,2.716429496,0.858214748,1,2.716429496
2013,160,0.005206638,0.988950038,-0.193082983,-0.2,0.595867055,0.988950038,1,2.977900076
2013,192,0,0.98186227,0.98186227,1,2.96372454,0.98186227,1,2.96372454
2013,225,0,-0.156754989,0.184974376,-0.333333333,-0.305113946,0.184974376,-0.333333333,-0.305113946
2013,190,0,0.999568919,0.999568919,1,2.999137838,0.999568919,1,2.999137838
2013,226,1,0.996133937,0.996133937,1,2.992267874,0.996133937,1,2.992267874
2013,227,0,0.98347348,0.98347348,1,2.96694696,0.98347348,1,2.96694696
2014,133,0.993574569,0.998583222,0.998583222,1,2.997166444,0.998583222,1,2.997166444
2014,135,0.994758201,0.993553065,0.993553065,1,2.98710613,0.993553065,1,2.98710613
2014,145,0.555630821,0.984728267,0.984728267,1,2.969456534,0.984728267,1,2.969456534
2014,155,0.993574569,0.997871374,0.997871374,1,2.995742748,0.997871374,1,2.995742748
2014,156,0,0.995222945,0.995222945,1,2.99044589,0.995222945,1,2.99044589
2014,158,0.397546648,0.9912843,0.9912843,1,2.9825686,0.9912843,1,2.9825686
2014,159,0.397546648,0.57531571,0.57531571,1,2.15063142,-0.165131215,-0.4,0.010184495
2014,189,0.999830795,0.998414825,0.998414825,1,2.99682965,0.998414825,1,2.99682965
2014,193,0,0.985473399,0.985473399,1,2.970946798,-0.48896626,-0.6,-0.103492861
2014,131,0.993574569,0.99832664,-0.2,-0.2,0.59832664,0.99832664,1,2.99665328
2014,197,0,0.964054476,0.964054476,1,2.928108952,0.964054476,1,2.928108952
2014,128,1,0.495560018,0.495560018,1,1.991120036,0.501941098,0,0.997501116
2014,137,0.555630821,0.998522662,0.998522662,1,2.997045324,0.998522662,1,2.997045324
2014,138,0.555630821,0.861731703,0.861731703,1,2.723463406,0.338268297,0.2,1.4
2014,144,0.555630821,0.439058748,0.439058748,1,1.878117496,-0.086861283,-0.2,0.152197465
2014,157,0.397546648,0.646509292,0.646509292,1,2.293018584,0.646509292,1,2.293018584
2014,160,0.397546648,0.505959253,0.286853424,-0.2,0.592812677,0.505959253,1,2.011918506
2014,192,0,0.996232418,0.996232418,1,2.992464836,0.996232418,1,2.992464836
2014,225,0,-0.261340726,0.673191084,-0.333333333,0.078517025,0.673191084,-0.333333333,0.078517025
2014,190,0,0.999050969,0.999050969,1,2.998101938,0.999050969,1,2.998101938
2014,226,0.999657886,0.999497403,0.999497403,1,2.998994806,0.999497403,1,2.998994806
2014,227,0,0.997989276,0.997989276,1,2.995978552,0.997989276,1,2.995978552
2015,133,0.992966002,0.999278034,0.999278034,1,2.998556068,0.999278034,1,2.998556068
2015,135,0.994659372,0.992179636,0.992179636,1,2.984359272,0.992179636,1,2.984359272
2015,145,0.192463163,0.990388918,0.990388918,1,2.980777836,0.990388918,1,2.980777836
2015,155,0.992966002,0.999174796,0.999174796,1,2.998349592,0.999174796,1,2.998349592
2015,156,0,0.998394663,0.998394663,1,2.996789326,0.998394663,1,2.996789326
2015,158,0.745640327,0.988480264,0.988480264,1,2.976960528,0.988480264,1,2.976960528
2015,159,0.745640327,0.835008408,0.835008408,1,2.670016816,-0.215623094,-0.4,0.219385314
2015,189,0.99960907,0.997218634,0.997218634,1,2.994437268,0.997218634,1,2.994437268
2015,193,0,0.98943166,0.98943166,1,2.97886332,-0.491188949,-0.6,-0.101757289
2015,131,0.992966002,0.993427957,-0.198907527,-0.2,0.59452043,0.993427957,1,2.986855914
2015,197,0,0.871130337,0.871130337,1,2.742260674,0.871130337,1,2.742260674
2015,128,1,0.803839701,0.803839701,1,2.607679402,0.1929627,0,0.996802401
2015,137,0.192463163,0.998286636,0.998286636,1,2.996573272,0.998286636,1,2.996573272
2015,138,0.192463163,0.935702287,0.935702287,1,2.871404574,0.264297713,0.2,1.4
2015,144,0.192463163,0.761121509,0.761121509,1,2.522243018,-0.140044533,-0.2,0.421076976
2015,157,0.745640327,0.830850652,0.830850652,1,2.661701304,0.830850652,1,2.661701304
2015,160,0.745640327,0.081632289,0.70523261,-0.2,0.586864899,0.081632289,1,1.163264578
2015,192,0,0.99365797,0.99365797,1,2.98731594,0.99365797,1,2.98731594
2015,225,0,-0.311783467,0.902594604,-0.333333333,0.257477804,0.902594604,-0.333333333,0.257477804
2015,190,0,0.999827801,0.999827801,1,2.999655602,0.999827801,1,2.999655602
2015,226,0.999868663,0.99958651,0.99958651,1,2.99917302,0.99958651,1,2.99917302
2015,227,0,0.998891689,0.998891689,1,2.997783378,0.998891689,1,2.997783378
2016,133,0.946549391,0.997070753,0.997070753,1,2.994141506,0.997070753,1,2.994141506
2016,135,0.947451511,0.937906951,0.937906951,1,2.875813902,0.937906951,1,2.875813902
2016,145,0.113579968,0.987466506,0.987466506,1,2.974933012,0.987466506,1,2.974933012
2016,155,0.946549391,0.999452901,0.999452901,1,2.998905802,0.999452901,1,2.998905802
2016,156,0,0.998250357,0.998250357,1,2.996500714,0.998250357,1,2.996500714
2016,158,0.830150635,0.994455242,0.994455242,1,2.988910484,0.994455242,1,2.988910484
2016,159,0.830150635,0.828968433,0.828968433,1,2.657936866,-0.132869625,-0.4,0.296098808
2016,189,0.997744446,0.998245812,0.998245812,1,2.996491624,0.998245812,1,2.996491624
2016,193,0,0.94965649,0.94965649,1,2.89931298,-0.453151166,-0.6,-0.103494676
2016,131,0.946549391,0.914971274,-0.115489467,-0.2,0.599481807,0.914971274,1,2.829942548
2016,197,0,0.885023665,0.885023665,1,2.77004733,0.885023665,1,2.77004733
2016,128,1,0.875819718,0.875819718,1,2.751639436,0.121226291,0,0.997046009
2016,137,0.113579968,0.998620679,0.998620679,1,2.997241358,0.998620679,1,2.997241358
2016,138,0.113579968,0.901736973,0.901736973,1,2.803473946,0.298263027,0.2,1.4
2016,144,0.113579968,0.712981744,0.712981744,1,2.425963488,-0.009537225,-0.2,0.503444519
2016,157,0.830150635,0.996978799,0.996978799,1,2.993957598,0.996978799,1,2.993957598
2016,160,0.830150635,-0.014083792,0.805603061,-0.2,0.591519269,-0.014083792,1,0.971832416
2016,192,0,0.994094562,0.994094562,1,2.988189124,0.994094562,1,2.988189124
2016,225,0,-0.327784674,0.992119023,-0.333333333,0.331001016,0.992119023,-0.333333333,0.331001016
2016,190,0,0.999267441,0.999267441,1,2.998534882,0.999267441,1,2.998534882
2016,226,0.999323181,0.998882629,0.998882629,1,2.997765258,0.998882629,1,2.997765258
2016,227,0,0.999188641,0.999188641,1,2.998377282,0.999188641,1,2.998377282
2017,133,0.724260431,0.996368169,0.996368169,1,2.992736338,0.996368169,1,2.992736338
2017,135,0.724418605,0.676480323,0.676480323,1,2.352960646,0.676480323,1,2.352960646
2017,145,0.005816584,0.994373522,0.994373522,1,2.988747044,0.994373522,1,2.988747044
2017,155,0.724260431,0.999865533,0.999865533,1,2.999731066,0.999865533,1,2.999731066
2017,156,0,0.998839384,0.998839384,1,2.997678768,0.998839384,1,2.997678768
2017,158,0.928614968,0.993804982,0.993804982,1,2.987609964,0.993804982,1,2.987609964
2017,159,0.928614968,0.955084473,0.955084473,1,2.910168946,-0.24814727,-0.4,0.306937203
2017,189,0.995478912,0.999419692,0.999419692,1,2.998839384,0.999419692,1,2.998839384
2017,193,0,0.91188479,0.91188479,1,2.82376958,-0.418194053,-0.6,-0.106309263
2017,131,0.724260431,0.662909951,0.135701698,-0.2,0.598611649,0.662909951,1,2.325819902
2017,197,0,0.92755158,0.92755158,1,2.85510316,0.92755158,1,2.85510316
2017,128,0.999935426,0.957502096,0.957502096,1,2.915004192,0.038303566,0,0.995805662
2017,137,0.005816584,0.999233674,0.999233674,1,2.998467348,0.999233674,1,2.998467348
2017,138,0.005816584,0.971264294,0.971264294,1,2.942528588,0.228735706,0.2,1.4
2017,144,0.005816584,0.746803594,0.746803594,1,2.493607188,0.020977623,-0.2,0.567781217
2017,157,0.928614968,0.999071627,0.999071627,1,2.998143254,0.999071627,1,2.998143254
2017,160,0.928614968,-0.131991351,0.923259547,-0.2,0.591268196,-0.131991351,1,0.736017298
2017,192,0,0.945852678,0.945852678,1,2.891705356,0.945852678,1,2.891705356
2017,225,0,-0.331784946,0.998107527,-0.333333333,0.332989248,0.998107527,-0.333333333,0.332989248
2017,190,0,0.99903257,0.99903257,1,2.99806514,0.99903257,1,2.99806514
2017,226,0.999547687,0.999524854,0.999524854,1,2.999049708,0.999524854,1,2.999049708
2017,227,0,0.999679177,0.999679177,1,2.999358354,0.999679177,1,2.999358354
2018,133,0.71043257,0.99981361,0.99981361,1,2.99962722,0.99981361,1,2.99962722
2018,135,0.710839695,0.660659072,0.660659072,1,2.321318144,0.660659072,1,2.321318144
2018,145,0.001221125,0.998559713,0.998559713,1,2.997119426,0.998559713,1,2.997119426
2018,155,0.71043257,0.999869285,0.999869285,1,2.99973857,0.999869285,1,2.99973857
2018,156,0,0.99813233,0.99813233,1,2.99626466,0.99813233,1,2.99626466
2018,158,0.863748525,0.994141163,0.994141163,1,2.988282326,0.994141163,1,2.988282326
2018,159,0.863748525,0.876683279,0.876683279,1,2.753366558,-0.172997428,-0.4,0.303685851
2018,189,0.999592875,0.999010337,0.999010337,1,2.998020674,0.999010337,1,2.998020674
2018,193,0,0.832803694,0.832803694,1,2.665607388,-0.343894615,-0.6,-0.111090921
2018,131,0.71043257,0.266236144,0.532248551,-0.2,0.598484695,0.266236144,1,1.532472288
2018,197,0,0.989413041,0.989413041,1,2.978826082,0.989413041,1,2.978826082
2018,128,0.999796458,0.741690389,0.741690389,1,2.483380778,0.255171479,0,0.996861868
2018,137,0.001221125,0.996078545,0.996078545,1,2.99215709,0.996078545,1,2.99215709
2018,138,0.001221125,0.926183929,0.926183929,1,2.852367858,0.273816071,0.2,1.4
2018,144,0.001221125,0.824154295,0.824154295,1,2.64830859,-0.046656159,-0.2,0.577498136
2018,157,0.863748525,0.999023696,0.999023696,1,2.998047392,0.999023696,1,2.998047392
2018,160,0.863748525,-0.056755612,0.846283355,-0.2,0.589527743,-0.056755612,1,0.886488776
2018,192,0,0.995446997,0.995446997,1,2.990893994,0.995446997,1,2.990893994
2018,225,0,-0.331417625,0.998016478,-0.333333333,0.33326552,0.998016478,-0.333333333,0.33326552
2018,190,0,0.999216923,0.999216923,1,2.998433846,0.999216923,1,2.998433846
2018,226,0.999592958,1,1,1,3,1,1,3
2018,227,0,0.999267921,0.999267921,1,2.998535842,0.999267921,1,2.998535842
2019,133,0.762886598,1,1,1,3,1,1,3
2019,135,0.763169044,0.715673539,0.715673539,1,2.431347078,0.715673539,1,2.431347078
2019,145,0.000988561,0.997951977,0.997951977,1,2.995903954,0.997951977,1,2.995903954
2019,155,0.762886598,1,1,1,3,1,1,3
2019,156,0,0.998634266,0.998634266,1,2.997268532,0.998634266,1,2.997268532
2019,158,0.527114967,0.997748708,0.997748708,1,2.995497416,0.997748708,1,2.995497416
2019,159,0.527114967,0.386503328,0.386503328,1,1.773006656,0.276842616,-0.4,0.263345944
2019,189,0.999011439,0.999576451,0.999576451,1,2.999152902,0.999576451,1,2.999152902
2019,193,0,0.248065518,0.248065518,1,1.496131036,0.204603219,-0.6,-0.147331263
2019,131,0.762886598,0.606834228,0.192826885,-0.2,0.599661113,0.606834228,1,2.213668456
2019,197,0,0.927714629,0.927714629,1,2.855429258,0.927714629,1,2.855429258
2019,128,0.999576331,0.342413972,0.342413972,1,1.684827944,0.655076967,0,0.997490939
2019,137,0.000988561,0.962357284,0.962357284,1,2.924714568,0.962357284,1,2.924714568
2019,138,0.000988561,0.626455625,0.626455625,1,2.25291125,0.573544375,0.2,1.4
2019,144,0.000988561,0.450783788,0.450783788,1,1.901567576,0.343887398,-0.2,0.594671186
2019,157,0.527114967,0.995029653,0.995029653,1,2.990059306,0.995029653,1,2.990059306
2019,160,0.527114967,0.356921453,0.437570174,-0.2,0.594491627,0.356921453,1,1.713842906
2019,192,0,0.986555116,0.986555116,1,2.973110232,0.986555116,1,2.973110232
2019,225,0,-0.332391714,0.998822976,-0.333333333,0.333097929,0.998822976,-0.333333333,0.333097929
2019,190,0,0.99952939,0.99952939,1,2.99905878,0.99952939,1,2.99905878
2019,226,0.999294084,0.999625865,0.999625865,1,2.99925173,0.999625865,1,2.99925173
2019,227,0,0.999467034,0.999467034,1,2.998934068,0.999467034,1,2.998934068
